url,URN,School Name,Local Authority,Street,Town,Postcode,Phase,ReligiousCharacter (name),PAN 2025,Apps Received 2025,Offers Made 2025,1st Pref Rate %,Oversub Ratio,Latitude,Longitude,EstablishmentName,PAN,Snobe Overall Grade,Ofsted Rating,School Website
https://snobe.co.uk/schools/st-john-fisher-catholic-primary-school,101460,St John Fisher Catholic Primary School,Bexley,Kale Road,Erith,DA18 4BA,Primary,Roman Catholic,15.0,39.0,15.0,38.461538,260.0,51.495021,0.13218,St John Fisher Catholic Primary School,15,A+,Ofsted Good,http://www.sjf.bexley.sch.uk?utm_source=snobe-co-uk&utm_medium=school-profile&utm_campaign=organic
https://snobe.co.uk/schools/english-martyrs-roman-catholic-primary-school,100824,English Martyrs' Roman Catholic Primary School,Southwark,Flint Street,London,SE17 1RB,Primary,Roman Catholic,19.0,45.0,18.0,40.0,236.842105,51.49064,-0.088297,English Martyrs' Roman Catholic Primary School,19,A+,Ofsted Good,http://www.englishmartyrsprimary.school?utm_source=snobe-co-uk&utm_medium=school-profile&utm_campaign=organic
https://snobe.co.uk/schools/st-edwards-catholic-primary-school,101128,St Edward's Catholic Primary School,Westminster,Lisson Grove,London,NW1 6LH,Primary,Roman Catholic,27.0,69.0,23.0,33.333333,255.555556,51.523332,-0.165679,St Edward's Catholic Primary School,27,A+,Ofsted Good,http://www.stedwardsprimary.org?utm_source=snobe-co-uk&utm_medium=school-profile&utm_campaign=organic
https://snobe.co.uk/schools/st-ignatius-rc-primary-school,102144,St Ignatius RC Primary School,Haringey,St Ann's Road,London,N15 6ND,Primary,Roman Catholic,15.0,32.0,11.0,34.375,213.333333,51.576387,-0.07304,St Ignatius RC Primary School,15,A+,Ofsted Good,http://www.stignatiuscatholicprimary.co.uk/?utm_source=snobe-co-uk&utm_medium=school-profile&utm_campaign=organic
https://snobe.co.uk/schools/st-marys-priory-rc-junior-school,102145,St Mary's Priory RC Junior School,Haringey,Hermitage Road,LONDON,N15 5RE,Primary,Roman Catholic,2910.0,2348.0,2273.0,84.92333901,1956.6666666666667,51.580487,-0.085654,St Mary's Priory RC Junior School,120,A+,Ofsted Good,http://www.stmarysrcpriory.haringey.sch.uk/?utm_source=snobe-co-uk&utm_medium=school-profile&utm_campaign=organic
https://snobe.co.uk/schools/blessed-dominic-catholic-primary-school,101339,Blessed Dominic Catholic Primary School,Barnet,Great Strand,London,NW9 5PE,Primary,Roman Catholic,60.0,168.0,58.0,34.52381,280.0,51.600831,-0.240936,Blessed Dominic Catholic Primary School,60,A+,Ofsted Outstanding,http://www.blesseddominic.barnet.sch.uk/?utm_source=snobe-co-uk&utm_medium=school-profile&utm_campaign=organic
https://snobe.co.uk/schools/st-joseph-rc-junior-school,101795,St Joseph's RC Junior School,Croydon,Woodend,Select,SE19 3NU,Primary,Roman Catholic,4890.0,4309.0,4227.0,86.72545834,1795.4166666666663,51.421829,-0.100029,St Joseph's RC Junior School,240,A+,Ofsted Good,http://www.sjjnr.brent.sch.uk/?utm_source=snobe-co-uk&utm_medium=school-profile&utm_campaign=organic
https://snobe.co.uk/schools/annunciation-rc-junior-school,101342,The Annunciation RC Junior School,Barnet,The Meads,Edgware,HA8 9HQ,Primary,Roman Catholic,4376.0,3709.0,3600.0,84.28147749,1545.4166666666667,51.611879,-0.258232,The Annunciation RC Junior School,240,A+,Ofsted Outstanding,http://www.theannunciationschools.co.uk/?utm_source=snobe-co-uk&utm_medium=school-profile&utm_campaign=organic
https://snobe.co.uk/schools/st-dominics-catholic-primary-school-0,133669,St. Dominic's Catholic Primary School,Hackney,Ballance Road,London,E9 5SR,Primary,Roman Catholic,4.0,16.0,4.0,25.0,400.0,51.545651,-0.039982,St. Dominic's Catholic Primary School,4,A+,Ofsted Good,http://www.stdominics.hackney.sch.uk/?utm_source=snobe-co-uk&utm_medium=school-profile&utm_campaign=organic
https://snobe.co.uk/schools/st-joachims-catholic-primary-school,141927,St Joachim's Catholic Primary School,Newham,Shipman Road,London,E16 3DT,Primary,Roman Catholic,30.0,74.0,25.0,33.783784,246.666667,51.511747,0.03088,St Joachim's Catholic Primary School,30,A+,Ofsted Good,http://www.st-joachims.newham.sch.uk/?utm_source=snobe-co-uk&utm_medium=school-profile&utm_campaign=organic
https://snobe.co.uk/schools/st-eugene-de-mazenod-roman-catholic-primary-school,100047,St Eugene de Mazenod Roman Catholic Primary School,Camden,Mazenod Avenue,London,NW6 4LS,Primary,Roman Catholic,30.0,77.0,19.0,24.675325,256.666667,51.54097,-0.193725,St Eugene de Mazenod Roman Catholic Primary School,30,A+,Ofsted Outstanding,http://www.steugene.camden.sch.uk/?utm_source=snobe-co-uk&utm_medium=school-profile&utm_campaign=organic
https://snobe.co.uk/schools/st-agnes-catholic-primary-school-0,101332,St Agnes' Catholic Primary School,Barnet,Thorverton Road,London,NW2 1RG,Primary,Roman Catholic,60.0,128.0,51.0,39.84375,213.333333,51.560495,-0.210884,St Agnes' Catholic Primary School,60,A+,Ofsted Outstanding,http://www.stagnesnw2.co.uk?utm_source=snobe-co-uk&utm_medium=school-profile&utm_campaign=organic
https://snobe.co.uk/schools/st-josephs-catholic-primary-school-sw3-2qt,100169,St Joseph's Catholic Primary School,Greenwich,Commerell Street,London,SE10 9AN,Primary,Roman Catholic,17.0,46.0,12.0,26.086957,270.588235,51.48629,0.005737,St Joseph's Catholic Primary School,17,A+,Ofsted Outstanding,http://www.stjosephs.rbkc.sch.uk/?utm_source=snobe-co-uk&utm_medium=school-profile&utm_campaign=organic
https://snobe.co.uk/schools/st-josephs-roman-catholic-primary-school-0,100832,St Joseph's Roman Catholic Primary School,Southwark,George Row,London,SE16 4UP,Primary,Roman Catholic,25.0,48.0,23.0,47.916667,192.0,51.499025,-0.069316,St Joseph's Roman Catholic Primary School,25,A+,Ofsted Outstanding,http://www.stjosephsrc.co.uk/?utm_source=snobe-co-uk&utm_medium=school-profile&utm_campaign=organic
https://snobe.co.uk/schools/st-andrews-catholic-primary-school,100632,St Andrew's Catholic Primary School,Lambeth,Polworth Road,London,SW16 2ET,Primary,Roman Catholic,60.0,187.0,58.0,31.016043,311.666667,51.424321,-0.125788,St Andrew's Catholic Primary School,60,A+,Ofsted Outstanding,http://www.st-andrewsrc.lambeth.sch.uk/?utm_source=snobe-co-uk&utm_medium=school-profile&utm_campaign=organic
https://snobe.co.uk/schools/st-charles-catholic-primary-school,100505,St Charles Catholic Primary School,Kensington and Chelsea,83 St Charles Square,London,W10 6EB,Primary,Roman Catholic,29.0,47.0,26.0,55.319149,162.068966,51.52172,-0.213918,St Charles Catholic Primary School,29,A+,Ofsted Good,http://www.st-charles.rbkc.sch.uk?utm_source=snobe-co-uk&utm_medium=school-profile&utm_campaign=organic
https://snobe.co.uk/schools/st-marys-rc-voluntary-aided-primary-school,101048,St Mary's RC Voluntary Aided Primary School,Wandsworth,7 St Josephs Street,London,SW8 4EN,Primary,Roman Catholic,25.0,57.0,22.0,38.596491,228.0,51.476569,-0.146156,St Mary's RC Voluntary Aided Primary School,25,A+,Ofsted Good,http://www.stmarysschoolbattersea.co.uk?utm_source=snobe-co-uk&utm_medium=school-profile&utm_campaign=organic
https://snobe.co.uk/schools/st-fidelis-catholic-primary-school,101458,St Fidelis Catholic Primary School,Bexley,Bexley Road,Erith,DA8 3HQ,Primary,Roman Catholic,60.0,171.0,58.0,33.918129,285.0,51.476275,0.162887,St Fidelis Catholic Primary School,60,A+,Ofsted Outstanding,http://www.st-fidelis.bexley.sch.uk?utm_source=snobe-co-uk&utm_medium=school-profile&utm_campaign=organic
https://snobe.co.uk/schools/st-scholasticas-catholic-primary-school,100274,St Scholastica's Catholic Primary School,Hackney,Kenninghall Road,London,E5 8BS,Primary,Roman Catholic,16.0,28.0,16.0,57.142857,175.0,51.558536,-0.059944,St Scholastica's Catholic Primary School,16,A+,Ofsted Good,http://www.st-scholasticas.com?utm_source=snobe-co-uk&utm_medium=school-profile&utm_campaign=organic
https://snobe.co.uk/schools/rosary-catholic-primary-school-2,100035,Rosary Catholic Primary School,Camden,238 Haverstock Hill,London,NW3 2AE,Primary,Roman Catholic,46.0,97.0,38.0,39.175258,210.869565,51.55162,-0.166055,Rosary Catholic Primary School,46,A+,Ofsted Good,http://www.rosary.camden.sch.uk/?utm_source=snobe-co-uk&utm_medium=school-profile&utm_campaign=organic
https://snobe.co.uk/schools/st-michael-and-st-martin-catholic-primary-school,102531,St Michael and St Martin Catholic Primary School,Hounslow,Belgrave Road,Hounslow,TW4 7AG,Primary,Roman Catholic,60.0,206.0,60.0,29.126214,343.333333,51.467061,-0.379119,St Michael and St Martin Catholic Primary School,60,A+,Ofsted Outstanding,http://www.stmichaelandstmartin.co.uk?utm_source=snobe-co-uk&utm_medium=school-profile&utm_campaign=organic
https://snobe.co.uk/schools/saint-josephs-catholic-primary-school-borough,100834,"Saint Joseph's Catholic Primary School, the Borough",Southwark,Little Dorrit Court,London,SE1 1NJ,Primary,Roman Catholic,15.0,46.0,13.0,28.26087,306.666667,51.502752,-0.093179,"Saint Joseph's Catholic Primary School, the Borough",15,A+,Ofsted Good,http://www.saintjosephsborough.co.uk?utm_source=snobe-co-uk&utm_medium=school-profile&utm_campaign=organic
https://snobe.co.uk/schools/st-edmunds-catholic-primary-school,102037,St Edmund's Catholic Primary School,Enfield,Hertford Road,Edmonton,N9 7HJ,Primary,Roman Catholic,51.0,91.0,51.0,56.043956,178.431373,51.629281,-0.055657,St Edmund's Catholic Primary School,51,A+,Ofsted Good,http://www.st-edmunds.enfield.sch.uk/?utm_source=snobe-co-uk&utm_medium=school-profile&utm_campaign=organic
https://snobe.co.uk/schools/st-francis-de-sales-rc-junior-school,102143,St Francis de Sales RC Junior School,Haringey,Church Road,London,N17 8AZ,Primary,Roman Catholic,2910.0,2348.0,2273.0,84.92333901,978.3333333333334,51.602964,-0.068969,St Francis de Sales RC Junior School,240,A+,Ofsted Good,http://www.sfds.haringey.sch.uk?utm_source=snobe-co-uk&utm_medium=school-profile&utm_campaign=organic
https://snobe.co.uk/schools/our-lady-roman-catholic-primary-school,100048,Our Lady Roman Catholic Primary School,Camden,Pratt Street,London,NW1 0DP,Primary,Roman Catholic,30.0,52.0,25.0,48.076923,173.333333,51.538867,-0.137453,Our Lady Roman Catholic Primary School,30,A+,Ofsted Outstanding,https://www.ourladys.camden.sch.uk/?utm_source=snobe-co-uk&utm_medium=school-profile&utm_campaign=organic
https://snobe.co.uk/schools/sacred-heart-catholic-primary-school,100437,Sacred Heart Catholic Primary School,Islington,68 Georges Road,London,N7 8JN,Primary,Roman Catholic,52.0,94.0,44.0,46.808511,180.769231,51.550222,-0.113623,Sacred Heart Catholic Primary School,52,A+,Ofsted Good,http://www.sacredheart.islington.sch.uk/?utm_source=snobe-co-uk&utm_medium=school-profile&utm_campaign=organic
https://snobe.co.uk/schools/st-bernadette-catholic-junior-school,100628,St Bernadette Catholic Junior School,Lambeth,1 - 4 Atkins Road,London,SW12 0AB,Primary,Roman Catholic,2675.0,2122.0,2042.0,82.8934967,884.1666666666666,51.447914,-0.144755,St Bernadette Catholic Junior School,240,A+,Ofsted Good,http://www.fedstbb.org.uk?utm_source=snobe-co-uk&utm_medium=school-profile&utm_campaign=organic
https://snobe.co.uk/schools/st-agnes-rc-primary-school,100949,St Agnes RC Primary School,Tower Hamlets,Rainhill Way,London,E3 3ER,Primary,Roman Catholic,30.0,62.0,30.0,48.387097,206.666667,51.527343,-0.018653,St Agnes RC Primary School,30,A+,Ofsted Outstanding,https://www.st-agnes.towerhamlets.sch.uk/?utm_source=snobe-co-uk&utm_medium=school-profile&utm_campaign=organic
https://snobe.co.uk/schools/st-josephs-catholic-junior-school,100853,St Joseph's Catholic Junior School,Southwark,Pitman Street,London,SE5 0TS,Primary,Roman Catholic,3264.0,2205.0,2175.0,84.67120181,918.75,51.479503,-0.099693,St Joseph's Catholic Junior School,240,A+,Ofsted Good,http://www.stjosephs.southwark.sch.uk?utm_source=snobe-co-uk&utm_medium=school-profile&utm_campaign=organic
https://snobe.co.uk/schools/st-winefrides-rc-primary-school,102774,St Winefride's RC Primary School,Newham,Church Road,London,E12 6HB,Primary,Roman Catholic,26.0,51.0,24.0,47.058824,196.153846,51.548569,0.057919,St Winefride's RC Primary School,26,A+,Ofsted Good,http://www.st-winefrides.newham.sch.uk/?utm_source=snobe-co-uk&utm_medium=school-profile&utm_campaign=organic
https://snobe.co.uk/schools/corpus-christi-catholic-primary-school-7,100630,Corpus Christi Catholic Primary School,Lambeth,Trent Road,London,SW2 5BL,Primary,Roman Catholic,60.0,158.0,59.0,37.341772,263.333333,51.456183,-0.12136,Corpus Christi Catholic Primary School,60,A+,Ofsted Outstanding,http://www.corpuschristischool.co.uk?utm_source=snobe-co-uk&utm_medium=school-profile&utm_campaign=organic
https://snobe.co.uk/schools/st-patricks-catholic-primary-school,100045,St Patrick's Catholic Primary School,Camden,Holmes Road,London,NW5 3AH,Primary,Roman Catholic,30.0,20.0,9.0,45.0,66.666667,51.549203,-0.142786,St Patrick's Catholic Primary School,30,A+,Ofsted Good,http://www.stpatricks.camden.sch.uk/?utm_source=snobe-co-uk&utm_medium=school-profile&utm_campaign=organic
https://snobe.co.uk/schools/st-marys-catholic-junior-school-0,142226,St. Mary's Catholic Junior School,Croydon,Sydenham Road,Croydon,CR0 2EW,Primary,Roman Catholic,4890.0,4309.0,4227.0,86.72545834,1795.4166666666663,51.380599,-0.095156,St. Mary's Catholic Junior School,240,A+,Ofsted Good,http://www.stmaryscatholicprimaryschoolstrust.co.uk?utm_source=snobe-co-uk&utm_medium=school-profile&utm_campaign=organic
https://snobe.co.uk/schools/our-lady-victories-rc-primary-school,100504,Our Lady of Victories RC Primary School,Kensington and Chelsea,Clareville Street,London,SW7 5AQ,Primary,Roman Catholic,22.0,91.0,14.0,15.384615,413.636364,51.492836,-0.179437,Our Lady of Victories RC Primary School,22,A+,Ofsted Good,http://www.olov.rbkc.sch.uk?utm_source=snobe-co-uk&utm_medium=school-profile&utm_campaign=organic
https://snobe.co.uk/schools/st-thomas-canterbury-catholic-primary-school-4,100357,St Thomas of Canterbury Catholic Primary School,Hammersmith and Fulham,Estcourt Road,London,SW6 7HB,Primary,Catholic,26.0,39.0,4.0,10.25641,150.0,51.481789,-0.206579,St Thomas of Canterbury Catholic Primary School,26,A+,Ofsted Good,http://www.st-thomascanterbury.merton.sch.uk/?utm_source=snobe-co-uk&utm_medium=school-profile&utm_campaign=organic
https://snobe.co.uk/schools/st-vincents-catholic-primary-school-2,101143,St Vincent's Catholic Primary School,Westminster,St Vincent Street,London,W1U 4DF,Primary,Roman Catholic,30.0,91.0,28.0,30.769231,303.333333,51.518622,-0.152665,St Vincent's Catholic Primary School,30,A+,Ofsted Outstanding,http://www.st-vincents.ealing.sch.uk?utm_source=snobe-co-uk&utm_medium=school-profile&utm_campaign=organic
https://snobe.co.uk/schools/st-marys-roman-catholic-primary-school,100636,St Mary's Roman Catholic Primary School,Lambeth,Crescent Lane,London,SW4 9QJ,Primary,Roman Catholic,34.0,89.0,33.0,37.078652,261.764706,51.45925,-0.138293,St Mary's Roman Catholic Primary School,34,A+,Ofsted Outstanding,http://www.stmarys-lambeth.co.uk/?utm_source=snobe-co-uk&utm_medium=school-profile&utm_campaign=organic
https://snobe.co.uk/schools/st-james-great-roman-catholic-primary-school,100825,St James the Great Roman Catholic Primary School,Southwark,Peckham Road,London,SE15 5LP,Primary,Roman Catholic,17.0,37.0,16.0,43.243243,217.647059,51.474356,-0.07308,St James the Great Roman Catholic Primary School,17,A+,Ofsted Good,http://www.stjamesthegreat.southwark.sch.uk?utm_source=snobe-co-uk&utm_medium=school-profile&utm_campaign=organic
https://snobe.co.uk/schools/good-shepherd-rc-primary-school,100354,Good Shepherd RC Primary School,Hammersmith and Fulham,35 Gayford Road,London,W12 9BY,Primary,Roman Catholic,30.0,128.0,27.0,21.09375,426.666667,51.502829,-0.245622,Good Shepherd RC Primary School,30,A+,Ofsted Outstanding,http://www.goodshepherdrc.lbhf.sch.uk/?utm_source=snobe-co-uk&utm_medium=school-profile&utm_campaign=organic
https://snobe.co.uk/schools/st-john-vianney-rc-primary-school,102152,St John Vianney RC Primary School,Haringey,Stanley Road,London,N15 3HD,Primary,Roman Catholic,30.0,82.0,30.0,36.585366,273.333333,51.585672,-0.096999,St John Vianney RC Primary School,30,A+,Ofsted Outstanding,http://www.st-johnvianney.haringey.sch.uk?utm_source=snobe-co-uk&utm_medium=school-profile&utm_campaign=organic
https://snobe.co.uk/schools/holy-cross-catholic-primary-school,100739,Holy Cross Catholic Primary School,Lewisham,Culverley Road,London,SE6 2LD,Primary,Roman Catholic,30.0,106.0,29.0,27.358491,353.333333,51.442842,-0.016803,Holy Cross Catholic Primary School,30,A+,Ofsted Outstanding,http://www.holycross.lewisham.sch.uk/?utm_source=snobe-co-uk&utm_medium=school-profile&utm_campaign=organic
https://snobe.co.uk/schools/saint-francis-assisi-catholic-primary-school,100494,Saint Francis of Assisi Catholic Primary School,Kensington and Chelsea,Treadgold Street,London,W11 4BJ,Primary,Roman Catholic,28.0,56.0,19.0,33.928571,200.0,51.512216,-0.216913,Saint Francis of Assisi Catholic Primary School,28,A+,Ofsted Good,http://www.stfrancisofassisi.org.uk?utm_source=snobe-co-uk&utm_medium=school-profile&utm_campaign=organic
https://snobe.co.uk/schools/holy-family-catholic-primary-school-16,100178,Holy Family Catholic Primary School,Greenwich,Tudway Road,London,SE3 9YX,Primary,Roman Catholic,0.0,0.0,0.0,91.20028159,1352.857142857143,51.459948,0.030393,Holy Family Catholic Primary School,0,A+,Ofsted Outstanding,http://www.holyfamilyealing.co.uk/?utm_source=snobe-co-uk&utm_medium=school-profile&utm_campaign=organic
https://snobe.co.uk/schools/st-helens-catholic-primary-school-0,100623,St Helen's Catholic Primary School,Lambeth,Knowle Close,London,SW9 0TQ,Primary,Roman Catholic,22.0,46.0,16.0,34.782609,209.090909,51.467131,-0.114288,St Helen's Catholic Primary School,22,A+,Ofsted Outstanding,http://www.st-helens.newham.sch.uk/?utm_source=snobe-co-uk&utm_medium=school-profile&utm_campaign=organic
https://snobe.co.uk/schools/our-lady-queen-heaven-rc-school,101051,Our Lady Queen of Heaven RC School,Wandsworth,Victoria Drive,London,SW19 6AD,Primary,Roman Catholic,29.0,101.0,27.0,26.732673,348.275862,51.44797,-0.220367,Our Lady Queen of Heaven RC School,29,A+,Ofsted Outstanding,http://www.ourladyqueenofheaven.wandsworth.sch.uk/?utm_source=snobe-co-uk&utm_medium=school-profile&utm_campaign=organic
https://snobe.co.uk/schools/english-martyrs-roman-catholic-primary-school-0,100962,English Martyrs Roman Catholic Primary School,Tower Hamlets,St Mark Street,London,E1 8DJ,Primary,Roman Catholic,27.0,56.0,16.0,28.571429,207.407407,51.512764,-0.070882,English Martyrs Roman Catholic Primary School,27,A+,Ofsted Good,http://www.englishmartyrs.towerhamlets.sch.uk?utm_source=snobe-co-uk&utm_medium=school-profile&utm_campaign=organic
https://snobe.co.uk/schools/our-lady-grace-catholic-junior-school-0,101538,Our Lady of Grace Catholic Junior School,Brent,Dollis Hill Lane,London,NW2 6HS,Primary,Roman Catholic,3931.0,3247.0,3162.0,85.86387435,1352.9166666666667,51.561147,-0.233725,Our Lady of Grace Catholic Junior School,240,A+,Ofsted Outstanding,http://www.ourladyofgracejuniors.co.uk/?utm_source=snobe-co-uk&utm_medium=school-profile&utm_campaign=organic
https://snobe.co.uk/schools/st-johns-roman-catholic-primary-school,100841,St John's Roman Catholic Primary School,Southwark,St Elmo's Road,London,SE16 6SD,Primary,Roman Catholic,29.0,90.0,22.0,24.444444,310.344828,51.500299,-0.041483,St John's Roman Catholic Primary School,29,A+,Ofsted Good,http://www.stjohnsrotherhithe.co.uk/?utm_source=snobe-co-uk&utm_medium=school-profile&utm_campaign=organic
https://snobe.co.uk/schools/larmenier-sacred-heart-catholic-primary-school,134009,Larmenier & Sacred Heart Catholic Primary School,Hammersmith and Fulham,41a Brook Green,London,W6 7BL,Primary,Roman Catholic,59.0,166.0,54.0,32.53012,281.355932,51.495292,-0.218121,Larmenier & Sacred Heart Catholic Primary School,59,A+,Ofsted Outstanding,http://www.larshrc.lbhf.sch.uk?utm_source=snobe-co-uk&utm_medium=school-profile&utm_campaign=organic
https://snobe.co.uk/schools/st-anselms-catholic-primary-school-0,101052,St Anselm's Catholic Primary School,Wandsworth,Louisville Road,London,SW17 8RW,Primary,Roman Catholic,30.0,89.0,22.0,24.719101,296.666667,51.435271,-0.15623,St Anselm's Catholic Primary School,30,A+,Ofsted Good,http://www.stanselmscatholicprimaryschool.co.uk?utm_source=snobe-co-uk&utm_medium=school-profile&utm_campaign=organic
https://snobe.co.uk/schools/our-lady-grace-catholic-primary-school,100168,Our Lady of Grace Catholic Primary School,Greenwich,16 Highcombe,London,SE7 7HR,Primary,Roman Catholic,60.0,152.0,54.0,35.526316,253.333333,51.48143,0.028408,Our Lady of Grace Catholic Primary School,60,A+,Ofsted Outstanding,http://www.ourladyofgracecatholicprimaryschool.co.uk?utm_source=snobe-co-uk&utm_medium=school-profile&utm_campaign=organic
https://snobe.co.uk/schools/st-annes-catholic-primary-school,100629,St Anne's Catholic Primary School,Lambeth,6 Durham Street,London,SE11 5JA,Primary,Roman Catholic,8.0,30.0,8.0,26.666667,375.0,51.485126,-0.118803,St Anne's Catholic Primary School,8,A+,Ofsted Requires Improvement,http://www.st-annes.lambeth.sch.uk/?utm_source=snobe-co-uk&utm_medium=school-profile&utm_campaign=organic
https://snobe.co.uk/schools/st-peter-and-paul-catholic-primary-school,102667,St Peter and Paul Catholic Primary School,Merton,Cricket Green,MITCHAM,CR4 4LA,Primary,Roman Catholic,29.0,59.0,29.0,49.152542,203.448276,51.400117,-0.167047,St Peter and Paul Catholic Primary School,29,A+,Ofsted Good,http://www.sspp.merton.sch.uk?utm_source=snobe-co-uk&utm_medium=school-profile&utm_campaign=organic
https://snobe.co.uk/schools/st-josephs-catholic-primary-and-nursery-school-1,101045,St Joseph's Catholic Primary and Nursery School,Wandsworth,90 Oakhill Road,London,SW15 2QD,Primary,Roman Catholic,30.0,57.0,11.0,19.298246,190.0,51.459195,-0.200439,St Joseph's Catholic Primary and Nursery School,30,A+,Ofsted Good,https://www.stjosephs.wandsworth.sch.uk?utm_source=snobe-co-uk&utm_medium=school-profile&utm_campaign=organic
https://snobe.co.uk/schools/st-vincent-de-paul-catholic-primary-school-0,101144,St Vincent De Paul Catholic Primary School,Westminster,Morpeth Terrace,LONDON,SW1P 1EP,Primary,Roman Catholic,21.0,44.0,19.0,43.181818,209.52381,51.495314,-0.13959,St Vincent De Paul Catholic Primary School,21,A+,Ofsted Good,http://www.svpcatholicprimary.org?utm_source=snobe-co-uk&utm_medium=school-profile&utm_campaign=organic
https://snobe.co.uk/schools/st-thomas-apostle-college,100857,The St Thomas the Apostle College,Southwark,Hollydale Road,London,SE15 2EB,Secondary,Roman Catholic,150.0,379.0,108.0,28.496042,252.666667,51.471233,-0.056581,The St Thomas the Apostle College,150,A+,Ofsted Outstanding,http://www.stac.uk.com/?utm_source=snobe-co-uk&utm_medium=school-profile&utm_campaign=organic
https://snobe.co.uk/schools/our-lady-muswell-catholic-primary-school,102142,Our Lady of Muswell Catholic Primary School,Haringey,Pages Lane,London,N10 1PS,Primary,Roman Catholic,60.0,195.0,44.0,22.564103,325.0,51.594426,-0.149591,Our Lady of Muswell Catholic Primary School,60,A+,Ofsted Outstanding,http://www.ourladymuswell.haringey.sch.uk?utm_source=snobe-co-uk&utm_medium=school-profile&utm_campaign=organic
https://snobe.co.uk/schools/st-augustines-catholic-primary-school,102842,St Augustine's Catholic Primary School,Redbridge,Cranbrook Road,Ilford,IG2 6RG,Primary,Roman Catholic,42.0,111.0,38.0,34.234234,264.285714,51.580447,0.073807,St Augustine's Catholic Primary School,42,A,Ofsted Good,http://www.staugustinesschool.org.uk?utm_source=snobe-co-uk&utm_medium=school-profile&utm_campaign=organic
https://snobe.co.uk/schools/st-elpheges-rc-junior-school,102996,St Elphege's RC Junior School,Sutton,Mollison Drive,Wallington,SM6 9HY,Primary,Roman Catholic,2439.0,2209.0,2187.0,91.67043911,575.2604166666667,51.356136,-0.127927,St Elphege's RC Junior School,384,A,Ofsted Outstanding,http://www.stelphegesrcschools.org.uk?utm_source=snobe-co-uk&utm_medium=school-profile&utm_campaign=organic
https://snobe.co.uk/schools/bishop-thomas-grant-catholic-secondary-school,100638,Bishop Thomas Grant Catholic Secondary School,Lambeth,Belltrees Grove,London,SW16 2HY,Secondary,Roman Catholic,176.0,692.0,157.0,22.687861,393.181818,51.424972,-0.118713,Bishop Thomas Grant Catholic Secondary School,176,A,Ofsted Outstanding,http://www.btg.ac/?utm_source=snobe-co-uk&utm_medium=school-profile&utm_campaign=organic
https://snobe.co.uk/schools/st-teresas-catholic-primary-school-and-nursery,102231,St Teresa's Catholic Primary School and Nursery,Harrow,Long Elmes,Harrow,HA3 6LE,Primary,Roman Catholic,47.0,121.0,46.0,38.016529,257.446809,51.604217,-0.355408,St Teresa's Catholic Primary School and Nursery,47,A,Ofsted Good,http://www.stteresas-harrow.co.uk/?utm_source=snobe-co-uk&utm_medium=school-profile&utm_campaign=organic
https://snobe.co.uk/schools/st-peters-catholic-primary-school-0,100175,St Peter's Catholic Primary School,Greenwich,Crescent Road,London,SE18 7BN,Primary,Roman Catholic,24.0,94.0,24.0,25.531915,391.666667,51.486614,0.068855,St Peter's Catholic Primary School,24,A,Ofsted Good,http://www.st-peter.bardaglea.org.uk/?utm_source=snobe-co-uk&utm_medium=school-profile&utm_campaign=organic
https://snobe.co.uk/schools/st-teresas-catholic-primary-school,102669,St Teresa's Catholic Primary School,Merton,Montacute Road,Morden,SM4 6RL,Primary,Roman Catholic,48.0,85.0,47.0,55.294118,177.083333,51.389697,-0.181664,St Teresa's Catholic Primary School,48,A,Ofsted Good,http://www.st-teresas.merton.sch.uk?utm_source=snobe-co-uk&utm_medium=school-profile&utm_campaign=organic
https://snobe.co.uk/schools/st-georges-cathedral-catholic-primary-school,100828,St George's Cathedral Catholic Primary School,Southwark,28 Lambeth Road,London,SE1 6HR,Primary,Roman Catholic,17.0,46.0,16.0,34.782609,270.588235,51.497775,-0.106843,St George's Cathedral Catholic Primary School,17,A,Ofsted Good,http://www.stgcs.southwark.sch.uk?utm_source=snobe-co-uk&utm_medium=school-profile&utm_campaign=organic
https://snobe.co.uk/schools/st-francis-rc-primary-school,100826,St Francis RC Primary School,Southwark,Friary Road,London,SE15 1RQ,Primary,Roman Catholic,22.0,38.0,22.0,57.894737,172.727273,51.480031,-0.067051,St Francis RC Primary School,22,A,Ofsted Good,http://www.stfrancispeckham.co.uk?utm_source=snobe-co-uk&utm_medium=school-profile&utm_campaign=organic
https://snobe.co.uk/schools/cardinal-wiseman-catholic-school,101934,The Cardinal Wiseman Catholic School,Ealing,Greenford Road,Greenford,UB6 9AW,Secondary,Roman Catholic,322.0,930.0,264.0,28.387097,288.819876,51.525271,-0.352099,The Cardinal Wiseman Catholic School,322,A,Ofsted Outstanding,http://www.wiseman.ealing.sch.uk?utm_source=snobe-co-uk&utm_medium=school-profile&utm_campaign=organic
https://snobe.co.uk/schools/st-marys-catholic-primary-school,100172,St Mary's Catholic Primary School,Greenwich,Glenure Road,London,SE9 1UF,Primary,Roman Catholic,59.0,187.0,59.0,31.550802,316.949153,51.453534,0.063991,St Mary's Catholic Primary School,59,A,Ofsted Good,http://www.stmarysrc.lbhf.sch.uk?utm_source=snobe-co-uk&utm_medium=school-profile&utm_campaign=organic
https://snobe.co.uk/schools/servite-rc-primary-school,100500,Servite RC Primary School,Kensington and Chelsea,252 Fulham Road,London,SW10 9NA,Primary,Roman Catholic,30.0,113.0,21.0,18.584071,376.666667,51.485033,-0.183046,Servite RC Primary School,30,A,Ofsted Outstanding,http://www.serviteprimaryschool.co.uk/?utm_source=snobe-co-uk&utm_medium=school-profile&utm_campaign=organic
https://snobe.co.uk/schools/st-georges-catholic-school-0,101155,St George's Catholic School,Westminster,Lanark Road,London,W9 1RB,Secondary,Roman Catholic,206.0,584.0,140.0,23.972603,283.495146,51.532904,-0.187945,St George's Catholic School,206,A,Ofsted Outstanding,http://www.stgeorgesrc.org?utm_source=snobe-co-uk&utm_medium=school-profile&utm_campaign=organic
https://snobe.co.uk/schools/sacred-heart-catholic-primary-school-battersea,131520,"Sacred Heart Catholic Primary School, Battersea",Wandsworth,Este Road,London,SW11 2TD,Primary,Roman Catholic,39.0,80.0,24.0,30.0,205.128205,51.469378,-0.166951,"Sacred Heart Catholic Primary School, Battersea",39,A,Ofsted Good,http://www.sacredheartschoolbattersea.co.uk/?utm_source=snobe-co-uk&utm_medium=school-profile&utm_campaign=organic
https://snobe.co.uk/schools/st-annes-catholic-high-school-girls,102053,St Anne's Catholic High School for Girls,Enfield,Oakthorpe Road,London,N13 5TY,Secondary,Roman Catholic,179.0,447.0,109.0,24.384787,249.72067,51.616307,-0.107967,St Anne's Catholic High School for Girls,179,A,Ofsted Outstanding,http://www.st-annes.enfield.sch.uk/?utm_source=snobe-co-uk&utm_medium=school-profile&utm_campaign=organic
https://snobe.co.uk/schools/saint-marys-catholic-primary-school,100499,Saint Mary's Catholic Primary School,Kensington and Chelsea,East Row,London,W10 5AW,Primary,Roman Catholic,12.0,28.0,11.0,39.285714,233.333333,51.525081,-0.210774,Saint Mary's Catholic Primary School,12,A,Ofsted Good,http://www.st-marys.rbkc.sch.uk?utm_source=snobe-co-uk&utm_medium=school-profile&utm_campaign=organic
https://snobe.co.uk/schools/our-lady-victories-catholic-primary-school,101037,Our Lady of Victories Catholic Primary School,Wandsworth,1 Clarendon Drive,London,SW15 1AW,Primary,Roman Catholic,30.0,110.0,24.0,21.818182,366.666667,51.463805,-0.223206,Our Lady of Victories Catholic Primary School,30,A,Ofsted Good,http://www.ourladyofvictories.wandsworth.sch.uk/?utm_source=snobe-co-uk&utm_medium=school-profile&utm_campaign=organic
https://snobe.co.uk/schools/st-ursulas-catholic-primary-school,102332,St Ursula's Catholic Primary School,Havering,Straight Road,Romford,RM3 7JS,Primary,Roman Catholic,59.0,112.0,57.0,50.892857,189.830508,51.604176,0.209063,St Ursula's Catholic Primary School,59,A,Ofsted Good,http://www.stursulascatholicprimary.co.uk?utm_source=snobe-co-uk&utm_medium=school-profile&utm_campaign=organic
https://snobe.co.uk/schools/st-elizabeth-catholic-primary-school,133288,St Elizabeth Catholic Primary School,Tower Hamlets,Bonner Road,London,E2 9JY,Primary,Roman Catholic,19.0,33.0,16.0,48.484848,173.684211,51.532712,-0.05141,St Elizabeth Catholic Primary School,19,A,Ofsted Good,http://www.st-elizabeth.uk?utm_source=snobe-co-uk&utm_medium=school-profile&utm_campaign=organic
https://snobe.co.uk/schools/holy-ghost-catholic-primary-school,101036,Holy Ghost Catholic Primary School,Wandsworth,Nightingale Square,London,SW12 8QJ,Primary,Roman Catholic,30.0,115.0,30.0,26.086957,383.333333,51.447881,-0.156341,Holy Ghost Catholic Primary School,30,A,Ofsted Good,http://www.holyghost.wandsworth.sch.uk/?utm_source=snobe-co-uk&utm_medium=school-profile&utm_campaign=organic
https://snobe.co.uk/schools/sacred-heart-high-school,100363,Sacred Heart High School,Hammersmith and Fulham,212 Hammersmith Road,London,W6 7DG,Secondary,Roman Catholic,195.0,646.0,138.0,21.362229,331.282051,51.493572,-0.223331,Sacred Heart High School,195,A,Ofsted Outstanding,http://www.sacredhearthigh.org.uk?utm_source=snobe-co-uk&utm_medium=school-profile&utm_campaign=organic
https://snobe.co.uk/schools/st-theresas-catholic-primary-school,101335,St Theresa's Catholic Primary School,Barnet,East End Road,London,N3 2TD,Primary,Roman Catholic,9.0,49.0,8.0,16.326531,544.444444,51.594595,-0.18806,St Theresa's Catholic Primary School,9,A,Ofsted Good,http://www.st-theresas.barnet.sch.uk/?utm_source=snobe-co-uk&utm_medium=school-profile&utm_campaign=organic
https://snobe.co.uk/schools/st-mary-and-st-michael-primary-school,131936,St Mary and St Michael Primary School,Tower Hamlets,Sutton Street,London,E1 0BD,Primary,Roman Catholic,30.0,49.0,25.0,51.020408,163.333333,51.513708,-0.052899,St Mary and St Michael Primary School,30,A,Ofsted Good,https://st-marymichael.towerhamlets.sch.uk/?utm_source=snobe-co-uk&utm_medium=school-profile&utm_campaign=organic
https://snobe.co.uk/schools/our-lady-dolours-catholic-primary,101124,Our Lady of Dolours Catholic Primary,Westminster,19 Cirencester Street,London,W2 5SR,Primary,Roman Catholic,10.0,31.0,10.0,32.258065,310.0,51.52149,-0.191282,Our Lady of Dolours Catholic Primary,10,A,Ofsted Good,http://www.ourladydolours.co.uk?utm_source=snobe-co-uk&utm_medium=school-profile&utm_campaign=organic
https://snobe.co.uk/schools/our-lady-visitation-catholic-primary-school,101920,Our Lady of the Visitation Catholic Primary School,Ealing,Greenford Road,Greenford,UB6 9AN,Primary,Roman Catholic,43.0,92.0,43.0,46.73913,213.953488,51.523476,-0.35176,Our Lady of the Visitation Catholic Primary School,43,A,Ofsted Good,http://www.visitation.ealing.sch.uk?utm_source=snobe-co-uk&utm_medium=school-profile&utm_campaign=organic
https://snobe.co.uk/schools/holy-cross-rc-school,100345,Holy Cross RC School,Hammersmith and Fulham,Basuto Road,London,SW6 4BL,Primary,Roman Catholic,58.0,209.0,45.0,21.5311,360.344828,51.475948,-0.197476,Holy Cross RC School,58,A,Ofsted Good,http://www.holycrossfulham.org.uk/?utm_source=snobe-co-uk&utm_medium=school-profile&utm_campaign=organic
https://snobe.co.uk/schools/sacred-heart-roman-catholic-primary-school-0,101338,Sacred Heart Roman Catholic Primary School,Barnet,2 Oakleigh Park South,London,N20 9JU,Primary,Roman Catholic,60.0,155.0,46.0,29.677419,258.333333,51.630089,-0.163817,Sacred Heart Roman Catholic Primary School,60,A,Ofsted Good,https://www.sacredheartteddington.co.uk?utm_source=snobe-co-uk&utm_medium=school-profile&utm_campaign=organic
https://snobe.co.uk/schools/our-lady-and-st-johns-catholic-primary-school,102526,Our Lady and St John's Catholic Primary School,Hounslow,Boston Park Road,Brentford,TW8 9JF,Primary,Roman Catholic,29.0,65.0,23.0,35.384615,224.137931,51.489956,-0.310908,Our Lady and St John's Catholic Primary School,29,A,Ofsted Good,http://ourladyandstjohns.org.uk?utm_source=snobe-co-uk&utm_medium=school-profile&utm_campaign=organic
https://snobe.co.uk/schools/st-gregorys-catholic-science-college,101563,St Gregory's Catholic Science College,Brent,Donnington Road,Harrow,HA3 0NB,Secondary,Roman Catholic,187.0,566.0,167.0,29.5053,302.673797,51.582289,-0.30268,St Gregory's Catholic Science College,187,A,Ofsted Outstanding,http://www.stgregorys.harrow.sch.uk?utm_source=snobe-co-uk&utm_medium=school-profile&utm_campaign=organic
https://snobe.co.uk/schools/st-mary-magdalens-catholic-junior-school,101542,St Mary Magdalen's Catholic Junior School,Brent,Linacre Road,London,NW2 5BB,Primary,Roman Catholic,3931.0,3247.0,3162.0,85.86387435,901.9444444444443,51.54836,-0.228999,St Mary Magdalen's Catholic Junior School,360,A,Ofsted Good,http://www.marymag.brent.sch.uk?utm_source=snobe-co-uk&utm_medium=school-profile&utm_campaign=organic
https://snobe.co.uk/schools/st-edmunds-catholic-school,100951,St Edmund's Catholic School,Tower Hamlets,299 Westferry Road,London,E14 3RS,Primary,Roman Catholic,24.0,87.0,21.0,24.137931,362.5,51.492167,-0.024199,St Edmund's Catholic School,24,A,Ofsted Good,http://www.st-edmunds-school.org?utm_source=snobe-co-uk&utm_medium=school-profile&utm_campaign=organic
https://snobe.co.uk/schools/st-bonaventures-rc-school,102787,St Bonaventure's RC School,Newham,Boleyn Road,London,E7 9QD,Secondary,Roman Catholic,199.0,470.0,149.0,31.702128,236.180905,51.53864,0.025473,St Bonaventure's RC School,199,A,Ofsted Outstanding,http://www.stbons.org/?utm_source=snobe-co-uk&utm_medium=school-profile&utm_campaign=organic
https://snobe.co.uk/schools/st-boniface-rc-primary-school,101042,St Boniface RC Primary School,Wandsworth,Undine Street,London,SW17 8PP,Primary,Roman Catholic,30.0,55.0,18.0,32.727273,183.333333,51.427353,-0.164576,St Boniface RC Primary School,30,A,Ofsted Good,http://www.stboniface.wandsworth.sch.uk/?utm_source=snobe-co-uk&utm_medium=school-profile&utm_campaign=organic
https://snobe.co.uk/schools/st-angelas-ursuline-school,102786,St Angela's Ursuline School,Newham,St George's Road,London,E7 8HU,Secondary,Roman Catholic,189.0,504.0,147.0,29.166667,266.666667,51.542111,0.029636,St Angela's Ursuline School,189,A,Ofsted Outstanding,http://www.stangelas-ursuline.co.uk?utm_source=snobe-co-uk&utm_medium=school-profile&utm_campaign=organic
https://snobe.co.uk/schools/la-retraite-roman-catholic-girls-school,100637,La Retraite Roman Catholic Girls' School,Lambeth,Atkins Road,London,SW12 0AB,Secondary,Roman Catholic,163.0,336.0,110.0,32.738095,206.134969,51.447914,-0.144755,La Retraite Roman Catholic Girls' School,163,A,Ofsted Outstanding,http://laretraite.co.uk?utm_source=snobe-co-uk&utm_medium=school-profile&utm_campaign=organic
https://snobe.co.uk/schools/st-catherine-catholic-primary-school,102424,St Catherine Catholic Primary School,Hillingdon,Money Lane,West Drayton,UB7 7NX,Primary,Roman Catholic,30.0,87.0,27.0,31.034483,290.0,51.503882,-0.478832,St Catherine Catholic Primary School,30,A,Ofsted Good,https://files.ofsted.gov.uk/v1/file/50238555
https://snobe.co.uk/schools/all-saints-catholic-school-and-technology-college,101247,All Saints Catholic School and Technology College,Barking and Dagenham,Terling Road,Dagenham,RM8 1JT,Secondary,Roman Catholic,237.0,580.0,214.0,36.896552,244.725738,51.562829,0.151337,All Saints Catholic School and Technology College,237,A,Ofsted Outstanding,http://www.allsaintsschool.co.uk/?utm_source=snobe-co-uk&utm_medium=school-profile&utm_campaign=organic
https://snobe.co.uk/schools/notre-dame-catholic-primary-school,100179,Notre Dame Catholic Primary School,Greenwich,169 Eglinton Road,London,SE18 3SJ,Primary,Roman Catholic,16.0,56.0,16.0,28.571429,350.0,51.480271,0.065947,Notre Dame Catholic Primary School,16,A,Ofsted Good,http://www.notredame.greenwich.sch.uk?utm_source=snobe-co-uk&utm_medium=school-profile&utm_campaign=organic
https://snobe.co.uk/schools/sacred-heart-mary-girls-school,102354,Sacred Heart of Mary Girls' School,Havering,St Mary's Lane,Upminster,RM14 2QR,Secondary,Roman Catholic,119.0,399.0,113.0,28.320802,335.294118,51.556835,0.24373,Sacred Heart of Mary Girls' School,119,A,Ofsted Outstanding,http://www.sacredheartofmary.net/?utm_source=snobe-co-uk&utm_medium=school-profile&utm_campaign=organic
https://snobe.co.uk/schools/st-chads-catholic-primary-school-2,101802,St Chad's Catholic Primary School,Croydon,Alverston Gardens,London,SE25 6LR,Primary,Roman Catholic,51.0,98.0,45.0,45.918367,192.156863,51.394463,-0.083382,St Chad's Catholic Primary School,51,A,Ofsted Good,http://www.stchadsprimaryschool.com?utm_source=snobe-co-uk&utm_medium=school-profile&utm_campaign=organic
https://snobe.co.uk/schools/london-oratory-school,100365,The London Oratory School,Hammersmith and Fulham,Seagrave Road,London,SW6 1RX,Middle deemed secondary,Roman Catholic,152.0,734.0,116.0,15.803815,482.894737,51.486225,-0.196193,The London Oratory School,152,A,Ofsted Outstanding,http://www.london-oratory.org?utm_source=snobe-co-uk&utm_medium=school-profile&utm_campaign=organic
https://snobe.co.uk/schools/st-thomas-more-catholic-school-1,102161,St Thomas More Catholic School,Haringey,Glendale Avenue,London,N22 5HN,Secondary,Roman Catholic,215.0,593.0,200.0,33.726813,275.813953,51.604294,-0.107499,St Thomas More Catholic School,215,A,Ofsted Outstanding,http://www.stthomasmoreschool.org.uk?utm_source=snobe-co-uk&utm_medium=school-profile&utm_campaign=organic
https://snobe.co.uk/schools/st-margaret-clitherow-catholic-primary-school,100180,St Margaret Clitherow Catholic Primary School,Greenwich,Cole Close,London,SE28 8GB,Primary,Roman Catholic,13.0,44.0,13.0,29.545455,338.461538,51.500964,0.113366,St Margaret Clitherow Catholic Primary School,13,A,Ofsted Good,http://www.lgfl.net/lgfl/leas/greenwich/schools/stmargaretclitherow/?utm_source=snobe-co-uk&utm_medium=school-profile&utm_campaign=organic
https://snobe.co.uk/schools/st-gregorys-catholic-primary-school,101923,St Gregory's Catholic Primary School,Ealing,Woodfield Road,London,W5 1SL,Primary,Roman Catholic,53.0,144.0,47.0,32.638889,271.698113,51.524101,-0.307799,St Gregory's Catholic Primary School,53,A,Ofsted Good,http://www.st-gregorys.ealing.sch.uk/?utm_source=snobe-co-uk&utm_medium=school-profile&utm_campaign=organic
https://snobe.co.uk/schools/st-raphaels-catholic-primary-school,101925,St Raphael's Catholic Primary School,Ealing,Hartfield Avenue,Northolt,UB5 6NL,Primary,Roman Catholic,49.0,93.0,46.0,49.462366,189.795918,51.535944,-0.402757,St Raphael's Catholic Primary School,49,A,Ofsted Good,http://www.st-raphaels.org/?utm_source=snobe-co-uk&utm_medium=school-profile&utm_campaign=organic
https://snobe.co.uk/schools/botwell-house-catholic-primary-school,102422,Botwell House Catholic Primary School,Hillingdon,Botwell Lane,Hayes,UB3 2AB,Primary,Roman Catholic,90.0,223.0,86.0,38.565022,247.777778,51.507422,-0.419491,Botwell House Catholic Primary School,90,A,Ofsted Good,http://www.botwellhouseschool.co.uk?utm_source=snobe-co-uk&utm_medium=school-profile&utm_campaign=organic
https://snobe.co.uk/schools/sacred-heart-catholic-primary-school-roehampton,101050,"Sacred Heart Catholic Primary School, Roehampton",Wandsworth,Roehampton Lane,London,SW15 5NX,Primary,Roman Catholic,43.0,71.0,33.0,46.478873,165.116279,51.457612,-0.241943,"Sacred Heart Catholic Primary School, Roehampton",43,A,Ofsted Good,http://www.sacredheart-roe.wandsworth.sch.uk/?utm_source=snobe-co-uk&utm_medium=school-profile&utm_campaign=organic
https://snobe.co.uk/schools/st-michaels-catholic-grammar-school,101361,St Michael's Catholic Grammar School,Barnet,Nether Street,London,N12 7NJ,Secondary,Roman Catholic,127.0,278.0,118.0,42.446043,218.897638,51.614398,-0.180642,St Michael's Catholic Grammar School,127,A,Ofsted Outstanding,http://www.st-michaels.barnet.sch.uk/?utm_source=snobe-co-uk&utm_medium=school-profile&utm_campaign=organic
https://snobe.co.uk/schools/gunnersbury-catholic-school,102545,Gunnersbury Catholic School,Hounslow,The Ride,Brentford,TW8 9LB,Secondary,Roman Catholic,184.0,631.0,104.0,16.481775,342.934783,51.492346,-0.316366,Gunnersbury Catholic School,184,A,Ofsted Outstanding,http://www.gunnersbury.com/?utm_source=snobe-co-uk&utm_medium=school-profile&utm_campaign=organic
https://snobe.co.uk/schools/st-georges-primary-catholic-voluntary-academy,146176,St George's Primary Catholic Voluntary Academy,Harrow,Sudbury Hill,Harrow,HA1 3SB,Primary,Roman Catholic,56.0,140.0,52.0,37.142857,250.0,51.562081,-0.331379,St George's Primary Catholic Voluntary Academy,56,A,Ofsted Outstanding,http://www.stgeorgesprimary.org?utm_source=snobe-co-uk&utm_medium=school-profile&utm_campaign=organic
https://snobe.co.uk/schools/st-stephens-catholic-primary-school,101455,St Stephen's Catholic Primary School,Bexley,Ruskin Avenue,Welling,DA16 3QG,Primary,Roman Catholic,60.0,143.0,54.0,37.762238,238.333333,51.464153,0.104048,St Stephen's Catholic Primary School,60,A,Ofsted Outstanding,http://www.st-stephens.bexley.sch.uk/?utm_source=snobe-co-uk&utm_medium=school-profile&utm_campaign=organic
https://snobe.co.uk/schools/oratory-roman-catholic-primary-school,100491,Oratory Roman Catholic Primary School,Kensington and Chelsea,Bury Walk,London,SW3 6QH,Primary,Roman Catholic,29.0,169.0,28.0,16.568047,582.758621,51.490617,-0.170292,Oratory Roman Catholic Primary School,29,A-,Ofsted Outstanding,http://www.oratory.rbkc.sch.uk?utm_source=snobe-co-uk&utm_medium=school-profile&utm_campaign=organic
https://snobe.co.uk/schools/cardinal-vaughan-memorial-rc-school,100506,The Cardinal Vaughan Memorial RC School,Kensington and Chelsea,89 Addison Road,London,W14 8BZ,Secondary,Roman Catholic,124.0,733.0,102.0,13.915416,591.129032,51.503873,-0.211792,The Cardinal Vaughan Memorial RC School,124,A-,Ofsted Outstanding,http://www.cvms.co.uk/?utm_source=snobe-co-uk&utm_medium=school-profile&utm_campaign=organic
https://snobe.co.uk/schools/mount-carmel-catholic-primary-school,101919,Mount Carmel Catholic Primary School,Ealing,Little Ealing Lane,London,W5 4EA,Primary,Roman Catholic,51.0,177.0,40.0,22.59887,347.058824,51.498049,-0.308362,Mount Carmel Catholic Primary School,51,A-,Ofsted Good,http://www.mountcarmel.ealing.sch.uk?utm_source=snobe-co-uk&utm_medium=school-profile&utm_campaign=organic
https://snobe.co.uk/schools/st-cecilias-catholic-primary-school,102993,St Cecilia's Catholic Primary School,Sutton,London Road,Sutton,SM3 9DL,Primary,Roman Catholic,59.0,173.0,59.0,34.104046,293.220339,51.376892,-0.222161,St Cecilia's Catholic Primary School,59,A-,Ofsted Outstanding,http://www.stcecilias.school?utm_source=snobe-co-uk&utm_medium=school-profile&utm_campaign=organic
https://snobe.co.uk/schools/good-shepherd-catholic-primary-and-nursery-school,142587,Good Shepherd Catholic Primary and Nursery School,Croydon,Dunley Drive,Croydon,CR0 0RG,Primary,Roman Catholic,19.0,42.0,19.0,45.238095,221.052632,51.352799,-0.020664,Good Shepherd Catholic Primary and Nursery School,19,A-,Ofsted Good,http://www.goodshepherdprimaryschool.co.uk/?utm_source=snobe-co-uk&utm_medium=school-profile&utm_campaign=organic
https://snobe.co.uk/schools/richard-challoner-school,102606,Richard Challoner School,Kingston upon Thames,Manor Drive North,New Malden,KT3 5PE,Secondary,Roman Catholic,150.0,597.0,136.0,22.78057,398.0,51.385276,-0.26488,Richard Challoner School,150,A-,Ofsted Outstanding,http://www.richardchalloner.com?utm_source=snobe-co-uk&utm_medium=school-profile&utm_campaign=organic
https://snobe.co.uk/schools/st-augustines-catholic-primary-school-and-nursery,100725,St Augustine's Catholic Primary School and Nursery,Lewisham,Dunfield Road,London,SE6 3RD,Primary,Roman Catholic,30.0,60.0,28.0,46.666667,200.0,51.42436,-0.016697,St Augustine's Catholic Primary School and Nursery,30,A-,Ofsted Good,http://www.staugustines.lewisham.sch.uk?utm_source=snobe-co-uk&utm_medium=school-profile&utm_campaign=organic
https://snobe.co.uk/schools/st-catherines-rc-school,101333,St Catherine's RC School,Barnet,Vale Drive,Barnet,EN5 2ED,Primary,Roman Catholic,59.0,166.0,55.0,33.13253,281.355932,51.648831,-0.194702,St Catherine's RC School,59,A-,Ofsted Good,http://www.st-catherines.barnet.sch.uk/?utm_source=snobe-co-uk&utm_medium=school-profile&utm_campaign=organic
https://snobe.co.uk/schools/st-joan-arc-rc-primary-school,100449,St Joan of Arc RC Primary School,Islington,Northolme Road,London,N5 2UX,Primary,Roman Catholic,59.0,160.0,52.0,32.5,271.186441,51.556611,-0.096076,St Joan of Arc RC Primary School,59,A-,Ofsted Good,http://www.st-joanofarc.islington.sch.uk/?utm_source=snobe-co-uk&utm_medium=school-profile&utm_campaign=organic
https://snobe.co.uk/schools/st-marks-catholic-school,102543,St Mark's Catholic School,Hounslow,106 Bath Road,Hounslow,TW3 3EJ,Secondary,Roman Catholic,180.0,1029.0,168.0,16.326531,571.666667,51.468416,-0.374967,St Mark's Catholic School,180,A-,Ofsted Outstanding,http://www.st-marks.hounslow.sch.uk/?utm_source=snobe-co-uk&utm_medium=school-profile&utm_campaign=organic
https://snobe.co.uk/schools/our-lady-and-st-joseph-catholic-primary-school-1,100264,Our Lady and St Joseph Catholic Primary School,Hackney,Buckingham Road,London,N1 4JB,Primary,Catholic,29.0,75.0,22.0,29.333333,258.62069,51.544943,-0.08041,Our Lady and St Joseph Catholic Primary School,29,A-,Ofsted Good,http://www.olsj.towerhamlets.sch.uk/?utm_source=snobe-co-uk&utm_medium=school-profile&utm_campaign=organic
https://snobe.co.uk/schools/st-robert-southwell-rc-primary-school,101543,St Robert Southwell Catholic Primary School,Brent,Slough Lane,London,NW9 8YD,Primary,Roman Catholic,60.0,136.0,59.0,43.382353,226.666667,51.582504,-0.266932,St Robert Southwell Catholic Primary School,60,A-,Ofsted Outstanding,http://www.robsouth.org?utm_source=snobe-co-uk&utm_medium=school-profile&utm_campaign=organic
https://snobe.co.uk/schools/our-lady-lourdes-catholic-primary-school-4,100736,Our Lady of Lourdes Catholic Primary School,Lewisham,Belmont Hill,London,SE13 5DZ,Primary,Roman Catholic,0.0,0.0,0.0,89.9625723,699.7619047619048,,,Our Lady of Lourdes Catholic Primary School,0,A-,Ofsted Good,http://www.lourdes.brent.sch.uk/?utm_source=snobe-co-uk&utm_medium=school-profile&utm_campaign=organic
https://snobe.co.uk/schools/la-salette-catholic-primary-school,102330,La Salette Catholic Primary School,Havering,Dunedin Road,Rainham,RM13 8SP,Primary,Roman Catholic,30.0,97.0,29.0,29.896907,323.333333,51.523084,0.190953,La Salette Catholic Primary School,30,A-,Ofsted Good,http://www.lasalette.havering.sch.uk/?utm_source=snobe-co-uk&utm_medium=school-profile&utm_campaign=organic
https://snobe.co.uk/schools/st-william-york-catholic-primary-school,100737,St William of York Catholic Primary School,Lewisham,Brockley Park,London,SE23 1PS,Primary,Roman Catholic,22.0,76.0,22.0,28.947368,345.454545,51.444306,-0.03916,St William of York Catholic Primary School,22,A-,Ofsted Good,http://www.swoy.lewisham.sch.uk?utm_source=snobe-co-uk&utm_medium=school-profile&utm_campaign=organic
https://snobe.co.uk/schools/st-marys-catholic-primary-school-chiswick,102529,"St Mary's Catholic Primary School ,Chiswick",Hounslow,Duke Road,London,W4 2DF,Primary,Roman Catholic,30.0,84.0,8.0,9.52381,280.0,51.488933,-0.258169,"St Mary's Catholic Primary School ,Chiswick",30,A-,Ofsted Good,https://www.stmaryschiswick.org.uk/?utm_source=snobe-co-uk&utm_medium=school-profile&utm_campaign=organic
https://snobe.co.uk/schools/margaret-roper-catholic-primary-school,101797,Margaret Roper Catholic Primary School,Croydon,Russell Hill Road,Purley,CR8 2XP,Primary,Roman Catholic,30.0,105.0,27.0,25.714286,350.0,51.34406,-0.120148,Margaret Roper Catholic Primary School,30,A-,Ofsted Good,http://www.margaretroper.croydon.sch.uk/?utm_source=snobe-co-uk&utm_medium=school-profile&utm_campaign=organic
https://snobe.co.uk/schools/our-lady-lourdes-rc-school,101331,Our Lady of Lourdes RC School,Barnet,Bow Lane,London,N12 0JP,Primary,Roman Catholic,18.0,73.0,17.0,23.287671,405.555556,51.605087,-0.178039,Our Lady of Lourdes RC School,18,A-,Ofsted Good,http://www.olol.barnetschool.org.uk?utm_source=snobe-co-uk&utm_medium=school-profile&utm_campaign=organic
https://snobe.co.uk/schools/our-lady-and-st-georges-catholic-primary-school,135193,Our Lady and St George's Catholic Primary School,Waltham Forest,Shernhall Street,London,E17 3EA,Primary,Roman Catholic,15.0,60.0,14.0,23.333333,400.0,51.589668,-0.007354,Our Lady and St George's Catholic Primary School,15,A-,Ofsted Good,http://www.olsg.waltham.sch.uk?utm_source=snobe-co-uk&utm_medium=school-profile&utm_campaign=organic
https://snobe.co.uk/schools/maria-fidelis-catholic-school-fcj,100055,Maria Fidelis Catholic School FCJ,Camden,1 - 39 Drummond Crescent,London,NW1 1LY,Secondary,Roman Catholic,103.0,274.0,69.0,25.182482,266.019417,51.529789,-0.133225,Maria Fidelis Catholic School FCJ,103,A-,Ofsted Good,http://www.mariafidelis.camden.sch.uk/?utm_source=snobe-co-uk&utm_medium=school-profile&utm_campaign=organic
https://snobe.co.uk/schools/st-james-roman-catholic-primary-school,101656,St James' Roman Catholic Primary School,Bromley,Maybury Close,Orpington,BR5 1BL,Primary,Roman Catholic,30.0,106.0,29.0,27.358491,353.333333,51.389382,0.066348,St James' Roman Catholic Primary School,30,A-,Ofsted Outstanding,http://www.st-james.bromley.sch.uk/?utm_source=snobe-co-uk&utm_medium=school-profile&utm_campaign=organic
https://snobe.co.uk/schools/st-bedes-catholic-primary-school,100631,St Bede's Catholic Primary School,Lambeth,Thornton Road,London,SW12 0LF,Primary,Roman Catholic,13.0,29.0,11.0,37.931034,223.076923,51.444947,-0.135176,St Bede's Catholic Primary School,13,B+,Ofsted Outstanding,https://files.ofsted.gov.uk/v1/file/50260866
https://snobe.co.uk/schools/saint-john-bosco-college,135762,Saint John Bosco College,Wandsworth,Parkham Street,London,SW11 3DQ,Secondary,Roman Catholic,132.0,262.0,89.0,33.969466,198.484848,51.474734,-0.171935,Saint John Bosco College,132,B+,Ofsted Good,http://www.sjbc.wandsworth.sch.uk/?utm_source=snobe-co-uk&utm_medium=school-profile&utm_campaign=organic
https://snobe.co.uk/schools/regina-coeli-catholic-primary-school,101800,Regina Coeli Catholic Primary School,Croydon,173 Pampisford Road,South Croydon,CR2 6DF,Primary,Roman Catholic,33.0,128.0,31.0,24.21875,387.878788,51.355893,-0.106091,Regina Coeli Catholic Primary School,33,B+,Ofsted Good,http://www.reginacoelischool.co.uk?utm_source=snobe-co-uk&utm_medium=school-profile&utm_campaign=organic
https://snobe.co.uk/schools/convent-jesus-and-mary-language-college,101561,Convent of Jesus and Mary Language College,Brent,Crownhill Road,London,NW10 4EP,Secondary,Roman Catholic,94.0,180.0,48.0,26.666667,191.489362,51.538383,-0.246086,Convent of Jesus and Mary Language College,94,B+,Ofsted Good,http://stclaudines.co.uk?utm_source=snobe-co-uk&utm_medium=school-profile&utm_campaign=organic
https://snobe.co.uk/schools/holy-innocents-catholic-primary-school,101661,Holy Innocents Catholic Primary School,Bromley,Mitchell Road,Orpington,BR6 9JT,Primary,Roman Catholic,28.0,74.0,20.0,27.027027,264.285714,51.366273,0.09157,Holy Innocents Catholic Primary School,28,B+,Ofsted Good,http://www.holyinnocents.bromley.sch.uk?utm_source=snobe-co-uk&utm_medium=school-profile&utm_campaign=organic
https://snobe.co.uk/schools/st-mary-magdalens-catholic-primary-school-0,100720,St Mary Magdalen's Catholic Primary School,Lewisham,Howson Road,London,SE4 2BB,Primary,Roman Catholic,0.0,0.0,0.0,89.9625723,1399.5238095238096,51.458146,-0.038107,St Mary Magdalen's Catholic Primary School,0,B+,Ofsted Good,http://www.st-marymagdalens.richmond.sch.uk/?utm_source=snobe-co-uk&utm_medium=school-profile&utm_campaign=organic
https://snobe.co.uk/schools/st-peter-and-st-paul-catholic-primary-school-1,100447,St Peter and St Paul Catholic Primary School,Islington,Compton Street,London,EC1V 0EU,Primary,Roman Catholic,30.0,65.0,28.0,43.076923,216.666667,51.524972,-0.100914,St Peter and St Paul Catholic Primary School,30,B+,Ofsted Good,http://www.saintpeterandsaintpaulcatholicprimary.co.uk?utm_source=snobe-co-uk&utm_medium=school-profile&utm_campaign=organic
https://snobe.co.uk/schools/st-thomas-becket-roman-catholic-primary-school,100177,St Thomas A Becket Roman Catholic Primary School,Greenwich,Mottisfont Road,London,SE2 9LY,Primary,Roman Catholic,37.0,67.0,36.0,53.731343,181.081081,51.49156,0.104201,St Thomas A Becket Roman Catholic Primary School,37,B+,Ofsted Good,http://www.stthomasabecketsch.org.uk/?utm_source=snobe-co-uk&utm_medium=school-profile&utm_campaign=organic
https://snobe.co.uk/schools/gumley-house-rc-convent-school-fcj,102544,"Gumley House RC Convent School, FCJ",Hounslow,St John's Road,Isleworth,TW7 6XF,Secondary,Roman Catholic,153.0,454.0,76.0,16.740088,296.732026,51.469083,-0.330281,"Gumley House RC Convent School, FCJ",153,B+,Ofsted Good,https://www.gumleyhouse.com/?utm_source=snobe-co-uk&utm_medium=school-profile&utm_campaign=organic
https://snobe.co.uk/schools/st-james-catholic-high-school,101364,St James' Catholic High School,Barnet,Great Strand,London,NW9 5PE,Secondary,Roman Catholic,177.0,424.0,93.0,21.933962,239.548023,51.600831,-0.240936,St James' Catholic High School,177,B+,Ofsted Good,http://www.st-james.barnet.sch.uk?utm_source=snobe-co-uk&utm_medium=school-profile&utm_campaign=organic
https://snobe.co.uk/schools/wimbledon-college,102681,Wimbledon College,Merton,Edge Hill,London,SW19 4NS,Secondary,Roman Catholic,196.0,731.0,136.0,18.604651,372.959184,51.418667,-0.221792,Wimbledon College,196,B,Ofsted Good,http://www.wimbledoncollege.org.uk/?utm_source=snobe-co-uk&utm_medium=school-profile&utm_campaign=organic
https://snobe.co.uk/schools/st-ignatius-college,102058,St Ignatius College,Enfield,Turkey Street,Enfield,EN1 4NP,Secondary,Roman Catholic,161.0,329.0,125.0,37.993921,204.347826,51.672908,-0.05587,St Ignatius College,161,B,Ofsted Good,http://www.st-ignatius.enfield.sch.uk?utm_source=snobe-co-uk&utm_medium=school-profile&utm_campaign=organic
https://snobe.co.uk/schools/thomas-more-catholic-school,101821,Thomas More Catholic School,Croydon,Russell Hill Road,Purley,CR8 2XP,Secondary,Roman Catholic,113.0,345.0,45.0,13.043478,305.309735,51.34406,-0.120148,Thomas More Catholic School,113,B,Ofsted Good,http://www.tmore.org.uk/?utm_source=snobe-co-uk&utm_medium=school-profile&utm_campaign=organic
https://snobe.co.uk/schools/st-saviours-catholic-primary-school,100733,St Saviour's Catholic Primary School,Lewisham,10 Bonfield Road,London,SE13 6AL,Primary,Roman Catholic,10.0,39.0,6.0,15.384615,390.0,51.459945,-0.010361,St Saviour's Catholic Primary School,10,B,Ofsted Good,http://www.stsaviours.lewisham.sch.uk?utm_source=snobe-co-uk&utm_medium=school-profile&utm_campaign=organic
https://snobe.co.uk/schools/palmer-catholic-academy,137088,The Palmer Catholic Academy,Redbridge,Aldborough Road South,Ilford,IG3 8EU,Secondary,Roman Catholic,161.0,334.0,76.0,22.754491,207.453416,51.5653,0.092207,The Palmer Catholic Academy,161,B,Ofsted Good,http://www.tpc.academy?utm_source=snobe-co-uk&utm_medium=school-profile&utm_campaign=organic
https://snobe.co.uk/schools/st-albans-catholic-primary-school,102336,St Alban's Catholic Primary School,Havering,Heron Flight Avenue,Hornchurch,RM12 5LN,Primary,Roman Catholic,29.0,97.0,25.0,25.773196,334.482759,51.537665,0.197998,St Alban's Catholic Primary School,29,B,Ofsted Good,http://www.stalbansschool.net?utm_source=snobe-co-uk&utm_medium=school-profile&utm_campaign=organic
https://snobe.co.uk/schools/ursuline-high-school-wimbledon,102683,Ursuline High School Wimbledon,Merton,Crescent Road,London,SW20 8HA,Secondary,Roman Catholic,207.0,839.0,169.0,20.143027,405.31401,51.414024,-0.222821,Ursuline High School Wimbledon,207,B,Ofsted Good,http://www.ursulinehigh.merton.sch.uk?utm_source=snobe-co-uk&utm_medium=school-profile&utm_campaign=organic
https://snobe.co.uk/schools/finchley-catholic-high-school,101362,Finchley Catholic High School,Barnet,Woodside Lane,London,N12 8TA,Secondary,Roman Catholic,180.0,441.0,137.0,31.06576,245.0,51.622219,-0.181615,Finchley Catholic High School,180,B,Ofsted Good,http://www.finchleycatholic.org.uk?utm_source=snobe-co-uk&utm_medium=school-profile&utm_campaign=organic
https://snobe.co.uk/schools/st-aloysius-rc-college,100459,St Aloysius RC College,Islington,Hornsey Lane,London,N6 5LY,Secondary,Roman Catholic,51.0,185.0,31.0,16.756757,362.745098,51.569821,-0.138642,St Aloysius RC College,51,B,Ofsted Good,https://www.sta.islington.sch.uk?utm_source=snobe-co-uk&utm_medium=school-profile&utm_campaign=organic
https://snobe.co.uk/schools/john-fisher-school,103009,The John Fisher School,Sutton,Peaks Hill,Purley,CR8 3YP,Secondary,Roman Catholic,178.0,464.0,132.0,28.448276,260.674157,51.345097,-0.133833,The John Fisher School,178,B,Ofsted Good,http://www.johnfisherschool.org/?utm_source=snobe-co-uk&utm_medium=school-profile&utm_campaign=organic
https://snobe.co.uk/schools/st-marys-catholic-high-school,101814,St Mary's Catholic High School,Croydon,Woburn Road,Croydon,CR9 2EE,Secondary,Roman Catholic,89.0,230.0,61.0,26.521739,258.426966,51.380618,-0.098,St Mary's Catholic High School,89,B,Ofsted Good,http://www.stmaryscroydon.co.uk?utm_source=snobe-co-uk&utm_medium=school-profile&utm_campaign=organic
https://snobe.co.uk/schools/salvatorian-roman-catholic-college,102244,Salvatorian Roman Catholic College,Harrow,High Road,Harrow,HA3 5DY,Secondary,Roman Catholic,146.0,301.0,88.0,29.23588,206.164384,51.599968,-0.339144,Salvatorian Roman Catholic College,146,B-,Ofsted Good,http://www.salvatoriancollege.com/?utm_source=snobe-co-uk&utm_medium=school-profile&utm_campaign=organic
https://snobe.co.uk/schools/douay-martyrs-catholic-school,102448,The Douay Martyrs Catholic School,Hillingdon,Edinburgh Drive,Uxbridge,UB10 8QY,Secondary,Roman Catholic,235.0,682.0,128.0,18.768328,290.212766,51.559965,-0.444416,The Douay Martyrs Catholic School,235,B-,Ofsted Good,http://www.douaymartyrs.co.uk/?utm_source=snobe-co-uk&utm_medium=school-profile&utm_campaign=organic
https://snobe.co.uk/schools/good-shepherd-rc-school,100722,Good Shepherd RC School,Lewisham,Moorside Road,Bromley,BR1 5EP,Primary,Roman Catholic,27.0,63.0,25.0,39.68254,233.333333,51.426849,0.009836,Good Shepherd RC School,27,B-,Ofsted Good,http://www.goodshepherd.lewisham.sch.uk/?utm_source=snobe-co-uk&utm_medium=school-profile&utm_campaign=organic
https://snobe.co.uk/schools/st-matthew-academy,135264,St Matthew Academy,Lewisham,St Joseph's Vale,London,SE3 0XX,All-through,Roman Catholic,157.0,479.0,62.0,12.943633,305.095541,51.464218,-0.000415,St Matthew Academy,157,B-,Ofsted Good,https://files.ofsted.gov.uk/v1/file/50129174
https://snobe.co.uk/schools/holy-family-catholic-school,100964,Holy Family Catholic School,Tower Hamlets,Wades Place,London,E14 0DE,Primary,Roman Catholic,0.0,0.0,0.0,92.2892392,1389.5238095238096,51.510145,-0.019501,Holy Family Catholic School,0,B-,Ofsted Good,http://holyfamily.waltham.sch.uk/?utm_source=snobe-co-uk&utm_medium=school-profile&utm_campaign=organic
https://snobe.co.uk/schools/ursuline-academy-ilford,137418,The Ursuline Academy Ilford,Redbridge,Morland Road,Ilford,IG1 4JU,Secondary,Roman Catholic,118.0,321.0,69.0,21.495327,272.033898,51.562644,0.070111,The Ursuline Academy Ilford,118,B-,Ofsted Good,http://www.uai.org.uk?utm_source=snobe-co-uk&utm_medium=school-profile&utm_campaign=organic
https://snobe.co.uk/schools/st-aidans-catholic-primary-academy,140295,St Aidan's Catholic Primary Academy,Redbridge,Benton Road,Ilford,IG1 4AS,Primary,Roman Catholic,24.0,56.0,20.0,35.714286,233.333333,51.566731,0.090657,St Aidan's Catholic Primary Academy,24,B-,Ofsted Good,http://www.staidansacademy.org/?utm_source=snobe-co-uk&utm_medium=school-profile&utm_campaign=organic
https://snobe.co.uk/schools/st-agathas-catholic-primary-school,102597,St Agatha's Catholic Primary School,Kingston upon Thames,St Agatha's Drive,Kingston upon Thames,KT2 5TY,Primary,Roman Catholic,38.0,129.0,35.0,27.131783,339.473684,51.4172,0.303,St Agatha's Catholic Primary School,38,B-,Ofsted Good,http://www.stagathas.school?utm_source=snobe-co-uk&utm_medium=school-profile&utm_campaign=organic
https://snobe.co.uk/schools/campion-school,102350,The Campion School,Havering,Wingletye Lane,Hornchurch,RM11 3BX,Secondary,Roman Catholic,150.0,392.0,128.0,32.653061,261.333333,51.579945,0.233464,The Campion School,150,B-,Ofsted Good,http://www.thecampionschool.org.uk?utm_source=snobe-co-uk&utm_medium=school-profile&utm_campaign=organic
https://snobe.co.uk/schools/bishop-douglass-school-finchley,101365,Bishop Douglass School Finchley,Barnet,Hamilton Road,London,N2 0SQ,Secondary,Roman Catholic,136.0,329.0,60.0,18.237082,241.911765,51.594066,-0.178293,Bishop Douglass School Finchley,136,B-,Ofsted Good,http://www.bishopdouglass.barnet.sch.uk/?utm_source=snobe-co-uk&utm_medium=school-profile&utm_campaign=organic
https://snobe.co.uk/schools/st-winifreds-rc-primary-school,142456,St Winifred's RC Primary School,Lewisham,Newstead Road,London,SE12 0SJ,Primary,Roman Catholic,53.0,121.0,41.0,33.884298,228.301887,51.447734,0.009602,St Winifred's RC Primary School,53,B-,Ofsted Good,http://www.swcps.lewisham.sch.uk?utm_source=snobe-co-uk&utm_medium=school-profile&utm_campaign=organic
https://snobe.co.uk/schools/st-mary-angels-catholic-primary-school,101137,St. Mary of the Angels Catholic Primary School,Westminster,Shrewsbury Road,London,W2 5PR,Primary,Roman Catholic,23.0,51.0,19.0,37.254902,221.73913,51.518438,-0.197485,St. Mary of the Angels Catholic Primary School,23,B-,Ofsted Good,http://www.stmaryangels.co.uk/?utm_source=snobe-co-uk&utm_medium=school-profile&utm_campaign=organic
https://snobe.co.uk/schools/st-josephs-college-2,101820,St Joseph's College,Croydon,Beulah Hill,London,SE19 3HL,Secondary,Roman Catholic,107.0,214.0,60.0,28.037383,200.0,51.420714,-0.107281,St Joseph's College,107,B-,Ofsted Good,http://www.stjosephscollege.org.uk/?utm_source=snobe-co-uk&utm_medium=school-profile&utm_campaign=organic
https://snobe.co.uk/schools/st-philomenas-catholic-high-school-girls,103013,St Philomena's Catholic High School for Girls,Sutton,Shorts Road,Carshalton,SM5 3PS,Secondary,Roman Catholic,230.0,752.0,186.0,24.734043,326.956522,51.364278,-0.169742,St Philomena's Catholic High School for Girls,230,B-,Ofsted Good,http://www.stphils.org.uk?utm_source=snobe-co-uk&utm_medium=school-profile&utm_campaign=organic
https://snobe.co.uk/schools/holy-cross-school,102607,The Holy Cross School,Kingston upon Thames,25 Sandal Road,New Malden,KT3 5AR,Secondary,Roman Catholic,155.0,629.0,126.0,20.031797,405.806452,51.397917,-0.261671,The Holy Cross School,155,B-,Ofsted Good,http://www.holycross.kingston.sch.uk?utm_source=snobe-co-uk&utm_medium=school-profile&utm_campaign=organic
https://snobe.co.uk/schools/st-marys-catholic-primary-school-isleworth,102528,"St Mary's Catholic Primary School, Isleworth",Hounslow,South Street,Isleworth,TW7 7EE,Primary,Roman Catholic,56.0,141.0,46.0,32.624113,251.785714,51.469278,-0.327539,"St Mary's Catholic Primary School, Isleworth",56,B-,Ofsted Good,http://www.smi.hounslow.sch.uk?utm_source=snobe-co-uk&utm_medium=school-profile&utm_campaign=organic
https://snobe.co.uk/schools/trinity-catholic-high-school,102860,Trinity Catholic High School,Redbridge,Mornington Road,Woodford Green,IG8 0TP,Secondary,Roman Catholic,236.0,582.0,194.0,33.333333,246.610169,51.616663,0.0211,Trinity Catholic High School,236,B-,Ofsted Good,http://tchs.org.uk?utm_source=snobe-co-uk&utm_medium=school-profile&utm_campaign=organic
https://snobe.co.uk/schools/st-thomas-becket-catholic-primary-school-0,101796,St Thomas Becket Catholic Primary School,Croydon,Becket Close,London,SE25 5BN,Primary,Roman Catholic,59.0,159.0,52.0,32.704403,269.491525,51.389162,-0.070567,St Thomas Becket Catholic Primary School,59,B-,Ofsted Good,http://www.thomasbecket.croydon.sch.uk?utm_source=snobe-co-uk&utm_medium=school-profile&utm_campaign=organic
https://snobe.co.uk/schools/st-james-great-rc-primary-and-nursery-school,101816,St James the Great RC Primary and Nursery School,Croydon,Windsor Road,Thornton Heath,CR7 8HJ,Primary,Roman Catholic,4890.0,4309.0,4227.0,86.72545834,1058.7223587223586,51.406255,-0.105678,St James the Great RC Primary and Nursery School,407,B-,Ofsted Outstanding,http://www.stjamesthegreat.org/?utm_source=snobe-co-uk&utm_medium=school-profile&utm_campaign=organic
https://snobe.co.uk/schools/st-catherines-catholic-school,137681,St Catherine's Catholic School,Bexley,Watling Street,Bexleyheath,DA6 7QJ,Secondary,Roman Catholic,204.0,407.0,119.0,29.238329,199.509804,51.454731,0.154382,St Catherine's Catholic School,204,B-,Ofsted Good,http://www.stccg.co.uk?utm_source=snobe-co-uk&utm_medium=school-profile&utm_campaign=organic
https://snobe.co.uk/schools/st-columbas-catholic-boys-school,101477,St Columba's Catholic Boys' School,Bexley,Halcot Avenue,Bexleyheath,DA6 7QB,Secondary,Roman Catholic,135.0,270.0,77.0,28.518519,200.0,51.452692,0.155222,St Columba's Catholic Boys' School,135,B-,Ofsted Good,http://st-columbas.bexley.sch.uk/?utm_source=snobe-co-uk&utm_medium=school-profile&utm_campaign=organic
https://snobe.co.uk/schools/st-john-fisher-rc-primary-school,102671,St John Fisher RC Primary School,Merton,Grand Drive,London,SW20 9NA,Primary,Roman Catholic,37.0,104.0,33.0,31.730769,281.081081,51.397101,-0.228796,St John Fisher RC Primary School,37,B-,Ofsted Good,http://www.st-johnfisher.merton.sch.uk?utm_source=snobe-co-uk&utm_medium=school-profile&utm_campaign=organic
https://snobe.co.uk/schools/st-marys-rc-junior-school,101798,St Mary's RC Junior School,Croydon,Sydenham Road,Croydon,CR0 2EW,Primary,Roman Catholic,4890.0,4309.0,4227.0,86.72545834,1196.9444444444446,51.380599,-0.095156,St Mary's RC Junior School,360,B-,Ofsted Good,http://www.stmarysjunior.org.uk?utm_source=snobe-co-uk&utm_medium=school-profile&utm_campaign=organic
https://snobe.co.uk/schools/st-thomas-more-catholic-primary-school,100176,St Thomas More Catholic Primary School,Greenwich,Appleton Road,London,SE9 6NS,Primary,Roman Catholic,23.0,64.0,19.0,29.6875,278.26087,51.462582,0.044921,St Thomas More Catholic Primary School,23,B-,Ofsted Good,https://www.stmprimary.org?utm_source=snobe-co-uk&utm_medium=school-profile&utm_campaign=organic
https://snobe.co.uk/schools/st-pauls-academy,105135,St Paul's Academy,Greenwich,Finchale Road,London,SE2 9PX,Secondary,Roman Catholic,200.0,326.0,112.0,34.355828,163.0,51.49251,0.105412,St Paul's Academy,200,B-,Ofsted Requires Improvement,http://www.stpaulsacademy.org.uk/?utm_source=snobe-co-uk&utm_medium=school-profile&utm_campaign=organic
https://snobe.co.uk/schools/st-georges-catholic-primary-school,102038,St George's Catholic Primary School,Enfield,Gordon Road,Enfield,EN2 0QA,Primary,Roman Catholic,55.0,143.0,53.0,37.062937,260.0,51.659889,-0.081152,St George's Catholic Primary School,55,B-,Ofsted Good,http://www.st-georges.enfield.sch.uk?utm_source=snobe-co-uk&utm_medium=school-profile&utm_campaign=organic
https://snobe.co.uk/schools/st-antonys-catholic-primary-school,102844,St Antony's Catholic Primary School,Redbridge,Mornington Road,Woodford Green,IG8 0TX,Primary,Roman Catholic,58.0,101.0,44.0,43.564356,174.137931,51.616125,0.024139,St Antony's Catholic Primary School,58,B-,Ofsted Good,http://www.stantonyscatholicps.co.uk/?utm_source=snobe-co-uk&utm_medium=school-profile&utm_campaign=organic
https://snobe.co.uk/schools/st-philomenas-primary-school,141482,St Philomena's Primary School,Bromley,Chelsfield Road,Orpington,BR5 4DR,Primary,Roman Catholic,25.0,57.0,19.0,33.333333,228.0,51.382246,0.115508,St Philomena's Primary School,25,B-,Ofsted Good,http://www.st-philomenas.bromley.sch.uk?utm_source=snobe-co-uk&utm_medium=school-profile&utm_campaign=organic
https://snobe.co.uk/schools/st-monicas-rc-primary-school,102039,St Monica's RC Primary School,Enfield,Cannon Road,London,N14 7HE,Primary,Roman Catholic,60.0,161.0,56.0,34.782609,268.333333,51.623053,-0.120414,St Monica's RC Primary School,60,B-,Ofsted Good,https://www.st-monicas.enfield.sch.uk/?utm_source=snobe-co-uk&utm_medium=school-profile&utm_campaign=organic
https://snobe.co.uk/schools/st-bernadette-catholic-primary-school,102423,St Bernadette Catholic Primary School,Hillingdon,160 Long Lane,Uxbridge,UB10 0EH,Primary,Roman Catholic,56.0,129.0,45.0,34.883721,230.357143,51.539642,-0.451209,St Bernadette Catholic Primary School,56,C+,Ofsted Good,http://www.stbernadetteschool.co.uk?utm_source=snobe-co-uk&utm_medium=school-profile&utm_campaign=organic
https://snobe.co.uk/schools/st-swithun-wells-catholic-primary-school,102421,St Swithun Wells Catholic Primary School,Hillingdon,Hunters Hill,Ruislip,HA4 9HS,Primary,Roman Catholic,28.0,82.0,26.0,31.707317,292.857143,51.56415,-0.392045,St Swithun Wells Catholic Primary School,28,C+,Ofsted Good,http://www.st-swithunwells.hillingdon.sch.uk?utm_source=snobe-co-uk&utm_medium=school-profile&utm_campaign=organic
https://snobe.co.uk/schools/st-ursulas-convent-school,100193,St Ursula's Convent School,Greenwich,Crooms Hill,London,SE10 8HN,Secondary,Roman Catholic,105.0,123.0,23.0,18.699187,117.142857,51.475785,-0.005784,St Ursula's Convent School,105,C+,Ofsted Requires Improvement,http://www.stursulas.com?utm_source=snobe-co-uk&utm_medium=school-profile&utm_campaign=organic
https://snobe.co.uk/schools/st-gildas-catholic-junior-school,102151,St Gildas' Catholic Junior School,Haringey,Oakington Way,London,N8 9EP,Primary,Roman Catholic,2910.0,2348.0,2273.0,84.92333901,1956.6666666666667,51.575744,-0.120952,St Gildas' Catholic Junior School,120,C+,Ofsted Good,http://www.stpetersandstgildas.co.uk?utm_source=snobe-co-uk&utm_medium=school-profile&utm_campaign=organic
https://snobe.co.uk/schools/st-peter-chanel-catholic-primary-school,101461,St Peter Chanel Catholic Primary School,Bexley,Baugh Road,Sidcup,DA14 5ED,Primary,Roman Catholic,17.0,37.0,17.0,45.945946,217.647059,51.420351,0.118345,St Peter Chanel Catholic Primary School,17,C+,Ofsted Good,http://www.st-peterchanel.bexley.sch.uk?utm_source=snobe-co-uk&utm_medium=school-profile&utm_campaign=organic
https://snobe.co.uk/schools/la-sainte-union-catholic-secondary-school,100059,La Sainte Union Catholic Secondary School,Camden,Highgate Road,London,NW5 1RP,Secondary,Roman Catholic,32.0,132.0,21.0,15.909091,412.5,51.56,-0.149416,La Sainte Union Catholic Secondary School,32,C+,Ofsted Good,http://www.lasainteunion.org.uk/?utm_source=snobe-co-uk&utm_medium=school-profile&utm_campaign=organic
https://snobe.co.uk/schools/our-lady-rosary-catholic-primary-school,101456,Our Lady of the Rosary Catholic Primary School,Bexley,Holbeach Gardens,Sidcup,DA15 8QW,Primary,Roman Catholic,56.0,113.0,55.0,48.672566,201.785714,51.44793,0.092954,Our Lady of the Rosary Catholic Primary School,56,C+,Ofsted Good,http://www.ourlady.bexley.sch.uk?utm_source=snobe-co-uk&utm_medium=school-profile&utm_campaign=organic
https://snobe.co.uk/schools/st-aidans-catholic-primary-school-1,101801,St Aidan's Catholic Primary School,Croydon,Portnalls Road,Coulsdon,CR5 3DE,Primary,Roman Catholic,30.0,98.0,22.0,22.44898,326.666667,51.31486,-0.151289,St Aidan's Catholic Primary School,30,C,Ofsted Good,http://www.staidansschool.co.uk/?utm_source=snobe-co-uk&utm_medium=school-profile&utm_campaign=organic
https://snobe.co.uk/schools/newman-catholic-college,101564,Newman Catholic College,Brent,Harlesden Road,London,NW10 3RN,Secondary,Roman Catholic,53.0,97.0,25.0,25.773196,183.018868,51.537588,-0.239209,Newman Catholic College,53,C,Ofsted Good,http://www.ncc.brent.sch.uk?utm_source=snobe-co-uk&utm_medium=school-profile&utm_campaign=organic
https://snobe.co.uk/schools/st-teresa-catholic-primary-school-1,101238,The St Teresa Catholic Primary School,Barking and Dagenham,Bowes Road,Dagenham,RM8 2XJ,Primary,Roman Catholic,30.0,76.0,29.0,38.157895,253.333333,51.550677,0.124266,The St Teresa Catholic Primary School,30,A,Ofsted Good,http://www.st-teresa.co.uk?utm_source=snobe-co-uk&utm_medium=school-profile&utm_campaign=organic
https://snobe.co.uk/schools/ss-peter-and-pauls-catholic-primary-school-0,102848,SS Peter and Paul's Catholic Primary School,Redbridge,Gordon Road,Ilford,IG1 1SA,Primary,Roman Catholic,33.0,62.0,28.0,45.16129,187.878788,51.558133,0.08719,SS Peter and Paul's Catholic Primary School,33,A,Ofsted Outstanding,http://www.sspeterandpauls.redbridge.sch.uk?utm_source=snobe-co-uk&utm_medium=school-profile&utm_campaign=organic
https://snobe.co.uk/schools/st-francis-catholic-primary-school-5,102770,St Francis' Catholic Primary School,Newham,Maryland Park,London,E15 1HD,Primary,Roman Catholic,20.0,60.0,19.0,31.666667,300.0,51.548597,0.005982,St Francis' Catholic Primary School,20,B,Ofsted Good,http://www.st-francis.newham.sch.uk?utm_source=snobe-co-uk&utm_medium=school-profile&utm_campaign=organic
https://snobe.co.uk/schools/st-bernadettes-catholic-primary-school-8,102229,St Bernadette's Catholic Primary School,Harrow,Clifton Road,Harrow,HA3 9NS,Primary,Roman Catholic,60.0,164.0,60.0,36.585366,273.333333,51.587774,-0.289064,St Bernadette's Catholic Primary School,60,B,Ofsted Outstanding,http://www.st-bernadettes.co.uk/?utm_source=snobe-co-uk&utm_medium=school-profile&utm_campaign=organic
https://snobe.co.uk/schools/our-lady-lourdes-rc-primary-school-1,102843,Our Lady of Lourdes RC Primary School,Redbridge,Chestnut Drive,London,E11 2TA,Primary,Roman Catholic,59.0,186.0,55.0,29.569892,315.254237,51.574659,0.02055,Our Lady of Lourdes RC Primary School,59,B,Ofsted Outstanding,http://www.ourladyoflourdesrcprimary.org?utm_source=snobe-co-uk&utm_medium=school-profile&utm_campaign=organic
https://snobe.co.uk/schools/st-margaret-clitherow-rc-primary-school-0,101548,St Margaret Clitherow RC Primary School,Brent,Quainton Street,London,NW10 0BG,Primary,Roman Catholic,30.0,56.0,28.0,50.0,186.666667,51.561768,-0.260897,St Margaret Clitherow RC Primary School,30,B-,Ofsted Good,http://www.clitherow.brent.sch.uk?utm_source=snobe-co-uk&utm_medium=school-profile&utm_campaign=organic
https://snobe.co.uk/schools/st-josephs-rc-infant-school,101336,St Joseph's RC Infant School,Barnet,Watford Way,London,NW4 4TY,Primary,Roman Catholic,4376.0,3709.0,3600.0,84.28147749,2060.555555555556,51.58729,-0.231455,St Joseph's RC Infant School,180,B-,Ofsted Good,http://www.sjinf.brent.sch.uk?utm_source=snobe-co-uk&utm_medium=school-profile&utm_campaign=organic
https://snobe.co.uk/schools/st-marys-catholic-infant-school-0,101799,St Mary's Catholic Infant School,Croydon,Bedford Park,Croydon,CR0 2AQ,Primary,Roman Catholic,4890.0,4309.0,4227.0,86.72545834,2872.6666666666665,51.378966,-0.098744,St Mary's Catholic Infant School,150,B-,Ofsted Good,http://www.stmaryscatholicprimaryschoolstrust.co.uk?utm_source=snobe-co-uk&utm_medium=school-profile&utm_campaign=organic
https://snobe.co.uk/schools/st-marys-priory-rc-infant-school,102147,St Mary's Priory RC Infant School,Haringey,Hermitage Road,London,N15 5RE,Primary,Roman Catholic,29.0,51.0,25.0,49.019608,175.862069,51.580487,-0.085654,St Mary's Priory RC Infant School,29,C+,Ofsted Good,https://www.stmaryspriory.co.uk/?utm_source=snobe-co-uk&utm_medium=school-profile&utm_campaign=organic
https://snobe.co.uk/schools/st-francis-de-sales-rc-infant-school,102149,St Francis de Sales RC Infant School,Haringey,Church Road,London,N17 8AZ,Primary,Roman Catholic,53.0,95.0,52.0,54.736842,179.245283,51.602964,-0.068969,St Francis de Sales RC Infant School,53,C+,Ofsted Good,http://www.sfds.haringey.sch.uk/?utm_source=snobe-co-uk&utm_medium=school-profile&utm_campaign=organic
https://snobe.co.uk/schools/notre-dame-roman-catholic-girls-school,100859,Notre Dame Roman Catholic Girls' School,Southwark,118 St George's Road,London,SE1 6EX,Secondary,Roman Catholic,41.0,140.0,18.0,12.857143,341.463415,51.496981,-0.106112,Notre Dame Roman Catholic Girls' School,41,C+,Ofsted Requires Improvement,http://www.notredame.southwark.sch.uk/?utm_source=snobe-co-uk&utm_medium=school-profile&utm_campaign=organic
https://snobe.co.uk/schools/convent-jesus-and-mary-rc-infant-school,101544,Convent of Jesus and Mary RC Infant School,Brent,21 Park Avenue,London,NW2 5AN,Primary,Roman Catholic,61.0,127.0,55.0,43.307087,208.196721,51.54838,-0.226763,Convent of Jesus and Mary RC Infant School,61,C,Ofsted Outstanding,http://www.cjminfantschool.co.uk?utm_source=snobe-co-uk&utm_medium=school-profile&utm_campaign=organic
https://snobe.co.uk/schools/annunciation-catholic-infant-school,101330,The Annunciation Catholic Infant School,Barnet,Thirleby Road,Edgware,HA8 0HQ,Primary,Roman Catholic,35.0,76.0,29.0,38.157895,217.142857,51.602762,-0.260125,The Annunciation Catholic Infant School,35,C,Ofsted Good,http://www.theannunciationschools.co.uk/?utm_source=snobe-co-uk&utm_medium=school-profile&utm_campaign=organic
https://snobe.co.uk/schools/st-josephs-catholic-infants-school,100854,St Joseph's Catholic Infants School,Southwark,Pitman Street,London,SE5 0TS,Primary,Roman Catholic,22.0,50.0,20.0,40.0,227.272727,51.479503,-0.099693,St Joseph's Catholic Infants School,22,C,Ofsted Good,http://www.stjosephs.southwark.sch.uk/?utm_source=snobe-co-uk&utm_medium=school-profile&utm_campaign=organic
https://snobe.co.uk/schools/our-lady-grace-rc-infant-and-nursery-school-0,101547,Our Lady of Grace RC Infant and Nursery School,Brent,Dollis Hill Avenue,London,NW2 6EU,Primary,Roman Catholic,3931.0,3247.0,3162.0,85.86387435,1803.8888888888887,51.563385,-0.225905,Our Lady of Grace RC Infant and Nursery School,180,C,Ofsted Outstanding,http://www.ologinfants.brent.sch.uk/?utm_source=snobe-co-uk&utm_medium=school-profile&utm_campaign=organic
https://snobe.co.uk/schools/st-elpheges-rc-infants-school,102997,St Elphege's RC Infants' School,Sutton,Mollison Drive,Wallington,SM6 9HY,Primary,Roman Catholic,88.0,166.0,82.0,49.39759,188.636364,51.356136,-0.127927,St Elphege's RC Infants' School,88,C,Ofsted Outstanding,http://www.stelphegesrcschool.org.uk?utm_source=snobe-co-uk&utm_medium=school-profile&utm_campaign=organic
https://snobe.co.uk/schools/more-house-school,100521,More House School,Kensington and Chelsea,22-24 Pont Street,Knightsbridge,SW1X 0AA,Not applicable,Roman Catholic,,,,,,51.497344,-0.159433,More House School,211,D-,Ofsted Outstanding,http://www.morehouse.org.uk/?utm_source=snobe-co-uk&utm_medium=school-profile&utm_campaign=organic
https://snobe.co.uk/schools/st-josephs-catholic-infant-school,101546,St Joseph's Catholic Infant School,Brent,Waverley Avenue,Wembley,HA9 6TA,Primary,Roman Catholic,70.0,127.0,70.0,55.11811,181.428571,51.551821,-0.287687,St Joseph's Catholic Infant School,70,C-,Ofsted Good,http://www.stjosephsinfantleyton.co.uk/?utm_source=snobe-co-uk&utm_medium=school-profile&utm_campaign=organic
https://snobe.co.uk/schools/st-richard-reynolds-catholic-primary-school,139122,St Richard Reynolds Catholic Primary School,Richmond upon Thames,Clifden Road,London,TW1 4LT,Primary,Roman Catholic,29.0,164.0,29.0,17.682927,565.517241,51.447912,-0.335155,St Richard Reynolds Catholic Primary School,29,C-,Ofsted Outstanding,http://www.strichardreynolds.org.uk/?utm_source=snobe-co-uk&utm_medium=school-profile&utm_campaign=organic
https://snobe.co.uk/schools/st-marys-rc-infants-school,102995,St Mary's RC Infants School,Sutton,West Street,Carshalton,SM5 2PT,Primary,Roman Catholic,83.0,201.0,78.0,38.80597,242.168675,51.366453,-0.167343,St Mary's RC Infants School,83,C-,Ofsted Good,http://www.smcsc.org.uk?utm_source=snobe-co-uk&utm_medium=school-profile&utm_campaign=organic
https://snobe.co.uk/schools/sacred-heart-language-college,102243,The Sacred Heart Language College,Harrow,High Street,Harrow,HA3 7AY,Secondary,Roman Catholic,148.0,295.0,93.0,31.525424,199.324324,51.599503,-0.336201,The Sacred Heart Language College,148,D-,Ofsted Outstanding,http://www.tshlc.harrow.sch.uk/?utm_source=snobe-co-uk&utm_medium=school-profile&utm_campaign=organic
https://snobe.co.uk/schools/st-peter-chains-rc-infant-school,102148,St Peter-in-Chains RC Infant School,Haringey,Oakington Way,London,N8 9EP,Primary,Roman Catholic,1.0,11.0,0.0,0.0,1100.0,51.575744,-0.120952,St Peter-in-Chains RC Infant School,1,D-,Ofsted Good,http://stpetersandstgildas.co.uk?utm_source=snobe-co-uk&utm_medium=school-profile&utm_campaign=organic
https://snobe.co.uk/schools/bishop-challoner-school,101683,Bishop Challoner School,Bromley,228 Bromley Road,Bromley,BR2 0BS,Not applicable,Roman Catholic,,,,,,51.40689,-0.003678,Bishop Challoner School,450,D-,Ofsted Outstanding,http://www.bishopchallonerschool.com?utm_source=snobe-co-uk&utm_medium=school-profile&utm_campaign=organic
https://snobe.co.uk/schools/st-benedicts-school,101947,St Benedict's School,Ealing,54 Eaton Rise,,W5 2ES,Not applicable,Roman Catholic,,,,,,51.520876,-0.306795,St Benedict's School,1255,D-,Ofsted Outstanding,http://www.stbenedicts.org.uk?utm_source=snobe-co-uk&utm_medium=school-profile&utm_campaign=organic
https://snobe.co.uk/schools/st-richard-reynolds-catholic-high-school,139121,St Richard Reynolds Catholic High School,Richmond upon Thames,Clifden Road,London,TW1 4LT,Secondary,Roman Catholic,200.0,956.0,157.0,16.422594,478.0,51.447912,-0.335155,St Richard Reynolds Catholic High School,200,B-,Ofsted Outstanding,http://www.strichardreynolds.org.uk?utm_source=snobe-co-uk&utm_medium=school-profile&utm_campaign=organic
https://snobe.co.uk/schools/coloma-convent-girls-school,101823,Coloma Convent Girls' School,Croydon,Upper Shirley Road,Croydon,CR9 5AS,Secondary,Roman Catholic,165.0,393.0,106.0,26.97201,238.181818,51.369328,-0.05291,Coloma Convent Girls' School,165,B-,Ofsted Outstanding,http://www.coloma.croydon.sch.uk/?utm_source=snobe-co-uk&utm_medium=school-profile&utm_campaign=organic
https://snobe.co.uk/schools/st-john-xxiii-catholic-primary-school,100355,St John XXIII Catholic Primary School,Hammersmith and Fulham,1 India Way,London,W12 7QT,Primary,Roman Catholic,30.0,64.0,24.0,37.5,213.333333,51.511498,-0.233673,St John XXIII Catholic Primary School,30,A+,Ofsted Outstanding,http://www.stjohnxxiii.lbhf.sch.uk?utm_source=snobe-co-uk&utm_medium=school-profile&utm_campaign=organic
https://snobe.co.uk/schools/westminster-cathedral-choir-school,101166,Westminster Cathedral Choir School,Westminster,Ambrosden Avenue,London,SW1P 1QH,Not applicable,Roman Catholic,,,,,,51.495234,-0.139104,Westminster Cathedral Choir School,281,D,Ofsted Outstanding,http://www.choirschool.com?utm_source=snobe-co-uk&utm_medium=school-profile&utm_campaign=organic
https://snobe.co.uk/schools/donhead-preparatory-school,102687,Donhead Preparatory School,Merton,33 Edge Hill,London,SW19 4ND,Not applicable,Roman Catholic,,,,,,51.420877,-0.219865,Donhead Preparatory School,340,A,Ofsted Outstanding,http://www.donhead.org.uk?utm_source=snobe-co-uk&utm_medium=school-profile&utm_campaign=organic
https://snobe.co.uk/schools/st-josephs-rc-primary-school,101133,St Joseph's RC Primary School,Westminster,Lanark Road,London,W9 1DF,Primary,Roman Catholic,42.0,119.0,41.0,34.453782,283.333333,51.52742,-0.182209,St Joseph's RC Primary School,42,A+,Ofsted Outstanding,http://www.stjosephsschool.org.uk?utm_source=snobe-co-uk&utm_medium=school-profile&utm_campaign=organic
https://snobe.co.uk/schools/st-marys-school-hampstead,100067,"St Mary's School, Hampstead",Camden,47 Fitzjohn's Avenue,,NW3 6PG,Not applicable,Roman Catholic,,,,,,51.550538,-0.176296,"St Mary's School, Hampstead",307,A+,Ofsted Outstanding,http://www.stmh.co.uk/?utm_source=snobe-co-uk&utm_medium=school-profile&utm_campaign=organic
https://snobe.co.uk/schools/cavendish-school,100066,The Cavendish School,Camden,31 Inverness Street,London,NW1 7HB,Not applicable,Roman Catholic,,,,,,51.539292,-0.144978,The Cavendish School,276,A+,Ofsted Outstanding,http://www.cavendish-school.co.uk/?utm_source=snobe-co-uk&utm_medium=school-profile&utm_campaign=organic
https://snobe.co.uk/schools/pield-heath-house-rc-school,102464,Pield Heath House RC School,Hillingdon,Pield Heath Road,Uxbridge,UB8 3NW,Not applicable,Roman Catholic,,,,,,51.528025,-0.466351,Pield Heath House RC School,100,D,Ofsted Good,http://www.pieldheathschool.org.uk?utm_source=snobe-co-uk&utm_medium=school-profile&utm_campaign=organic
https://snobe.co.uk/schools/ursuline-prep-school-ilford,102874,The Ursuline Prep School Ilford,Redbridge,2-4 Coventry Road,Ilford,IG1 4QR,Not applicable,Roman Catholic,,,,,,51.563398,0.069165,The Ursuline Prep School Ilford,300,A+,Ofsted Outstanding,http://www.urspsi.org.uk?utm_source=snobe-co-uk&utm_medium=school-profile&utm_campaign=organic
https://snobe.co.uk/schools/st-philips-school,100516,St Philip's School,Kensington and Chelsea,6 Wetherby Place,London,SW7 4NE,Not applicable,Roman Catholic,,,,,,51.49276,-0.182638,St Philip's School,110,D,Ofsted Good,http://www.stpschool.co.uk?utm_source=snobe-co-uk&utm_medium=school-profile&utm_campaign=organic
https://snobe.co.uk/schools/st-augustines-rc-primary-school,100347,St Augustine's RC Primary School,Hammersmith and Fulham,Disbrowe Road,London,W6 8QE,Primary,Roman Catholic,30.0,81.0,15.0,18.518519,270.0,51.484281,-0.209592,St Augustine's RC Primary School,30,A+,Ofsted Outstanding,https://www.staugustinesrc.lbhf.sch.uk?utm_source=snobe-co-uk&utm_medium=school-profile&utm_campaign=organic
https://snobe.co.uk/schools/st-osmunds-catholic-primary-school,102919,St Osmund's Catholic Primary School,Richmond upon Thames,Church Road,London,SW13 9HQ,Primary,Roman Catholic,30.0,117.0,21.0,17.948718,390.0,51.474272,-0.245306,St Osmund's Catholic Primary School,30,C-,Ofsted Outstanding,http://www.st-osmunds.richmond.sch.uk/?utm_source=snobe-co-uk&utm_medium=school-profile&utm_campaign=organic
https://snobe.co.uk/schools/st-anthonys-catholic-primary-school,100852,St Anthony's Catholic Primary School,Southwark,Etherow Street,London,SE22 0LA,Primary,Roman Catholic,44.0,104.0,36.0,34.615385,236.363636,51.449708,-0.072074,St Anthony's Catholic Primary School,44,B-,Ofsted Outstanding,http://www.stanthonysprimary.co.uk/?utm_source=snobe-co-uk&utm_medium=school-profile&utm_campaign=organic
https://snobe.co.uk/schools/st-michaels-catholic-primary-school,102773,St Michael's Catholic Primary School,Newham,Howard Road,London,E6 6EE,Primary,Roman Catholic,12.0,58.0,12.0,20.689655,483.333333,51.530222,0.058,St Michael's Catholic Primary School,12,A+,Ofsted Outstanding,http://www.st-michaels.newham.sch.uk/?utm_source=snobe-co-uk&utm_medium=school-profile&utm_campaign=organic
https://snobe.co.uk/schools/st-thomas-more-language-college,151008,St. Thomas More Language College,Kensington and Chelsea,Cadogan Street,London,SW3 2QS,Secondary,Roman Catholic,149.0,368.0,54.0,14.673913,246.979866,51.492899,-0.162147,St. Thomas More Language College,149,B-,Ofsted Outstanding,http://www.stmlc.co.uk/?utm_source=snobe-co-uk&utm_medium=school-profile&utm_campaign=organic
https://snobe.co.uk/schools/bishop-challoner-catholic-school,100978,Bishop Challoner Catholic School,Tower Hamlets,352 Commercial Road,London,E1 0LB,Secondary,Roman Catholic,120.0,217.0,67.0,30.875576,180.833333,51.513566,-0.049749,Bishop Challoner Catholic School,120,B-,Ofsted Outstanding,http://www.bishopchallonerfederation.towerhamlets.sch.uk?utm_source=snobe-co-uk&utm_medium=school-profile&utm_campaign=organic
https://snobe.co.uk/schools/cardinal-pole-catholic-school,100285,Cardinal Pole Catholic School,Hackney,205 Morning Lane,London,E9 6LG,Secondary,Roman Catholic,138.0,306.0,108.0,35.294118,221.73913,51.546787,-0.046684,Cardinal Pole Catholic School,138,B-,Ofsted Outstanding,http://www.cardinalpole.co.uk?utm_source=snobe-co-uk&utm_medium=school-profile&utm_campaign=organic
https://snobe.co.uk/schools/our-lady-and-st-philip-neri-catholic-primary-school,150552,Our Lady and St Philip Neri Catholic Primary School,Lewisham,208 Sydenham Road,London,SE26 5SE,Primary,Roman Catholic,30.0,57.0,30.0,52.631579,190.0,51.426431,-0.041465,Our Lady and St Philip Neri Catholic Primary School,30,A-,Ofsted Outstanding,http://www.olspn.lewisham.sch.uk?utm_source=snobe-co-uk&utm_medium=school-profile&utm_campaign=organic
https://snobe.co.uk/schools/st-annes-and-guardian-angels-catholic-primary-school,100950,St Anne's and Guardian Angels Catholic Primary School,Tower Hamlets,Underwood Road,London,E1 5AW,Primary,Roman Catholic,7.0,20.0,7.0,35.0,285.714286,51.52113,-0.066118,St Anne's and Guardian Angels Catholic Primary School,7,A+,Ofsted Outstanding,http://www.stannesgaprimary.com?utm_source=snobe-co-uk&utm_medium=school-profile&utm_campaign=organic
https://snobe.co.uk/schools/bonus-pastor-catholic-college,100752,Bonus Pastor Catholic College,Lewisham,Winlaton Road,Bromley,BR1 5PZ,Secondary,Roman Catholic,168.0,738.0,143.0,19.376694,439.285714,51.427684,-0.001679,Bonus Pastor Catholic College,168,B-,Ofsted Outstanding,http://www.bonuspastor.co.uk/?utm_source=snobe-co-uk&utm_medium=school-profile&utm_campaign=organic
https://snobe.co.uk/schools/our-lady-immaculate-catholic-primary-school,102595,Our Lady Immaculate Catholic Primary School,Kingston upon Thames,399 Ewell Road,Surbiton,KT6 7DG,Primary,Roman Catholic,45.0,117.0,31.0,26.495726,260.0,51.38244,-0.283627,Our Lady Immaculate Catholic Primary School,45,A,Ofsted Outstanding,http://www.oli.kingston.sch.uk/?utm_source=snobe-co-uk&utm_medium=school-profile&utm_campaign=organic
https://snobe.co.uk/schools/st-elizabeths-catholic-primary-school,102910,St Elizabeth's Catholic Primary School,Richmond upon Thames,Queen's Road,Richmond,TW10 6HN,Primary,Roman Catholic,30.0,86.0,28.0,32.55814,286.666667,51.456653,-0.290201,St Elizabeth's Catholic Primary School,30,C-,Ofsted Outstanding,http://www.st-elizabeths.richmond.sch.uk?utm_source=snobe-co-uk&utm_medium=school-profile&utm_campaign=organic
